timestamp,symbol,action,confidence,model_accuracy,close,rsi,macd,ema_20,sma_50,sentiment,prediction,auto_trade_enabled,trade_placed,trade_retcode,trade_error
2026-05-20T19:32:59.247074,XAUUSDm,HOLD,0.55,0.5048543689320388,4547.7998046875,65.2985060990833,8.096516401952613,4514.487007198329,4521.60599609375,-0.021984126984126988,1,True,False,,
2026-05-20T19:33:49.476749+00:00,XAUUSDm,HOLD,0.55,0.5242718446601942,4547.2998046875,65.1535186151674,8.056630362067153,4514.439388150709,4521.59599609375,-0.021984126984126988,1,True,False,,
2026-05-20T19:36:17.391894+00:00,XAUUSDm,BUY,0.55,0.5339805825242718,4547.2001953125,65.12448954498652,8.048684315058381,4514.429901543567,4521.59400390625,-0.021984126984126988,1,True,True,10009,,5
2026-05-21T16:04:24.700254+00:00,XAUUSD,BUY,0.62,0.4803921568627451,4513.7001953125,46.27796411829464,-2.451658012705593,4521.347276044163,4511.784033203125,0.057034632034632035,1,False,False,,,1
2026-05-21T16:19:21.129203+00:00,XAUUSD,BUY,0.62,0.5,4520.10009765625,49.35033694243441,-2.2366485365155313,4521.168162860109,4511.340029296875,0.057034632034632035,1,True,False,,Symbol not found: XAUUSD,1
2026-05-21T16:20:06.130017+00:00,XAUUSDm,BUY,0.62,0.5,4521.39990234375,49.92742935018155,-2.132960413296132,4521.291953782728,4511.366025390625,0.057034632034632035,1,True,True,10009,,1
2026-05-21T16:32:27.977976+00:00,XAUUSDm,BUY,0.62,0.5,4519.39990234375,49.033914079970245,-2.292504572839789,4521.101477592252,4511.326025390625,0.02715909090909091,1,True,True,10009,,1
2026-05-21T16:34:11.952438+00:00,XAUUSDm,BUY,0.62,0.4803921568627451,4518.60009765625,48.667605098554475,-2.3563066561737287,4521.025305717252,4511.310029296875,0.02715909090909091,1,True,True,10009,,1
2026-06-03T05:57:11.093005+00:00,XAUUSDm,BUY,0.62,0.51,4492.39990234375,35.80443591831161,-9.095370565044504,4516.611383985632,4525.706015625,0.06522180134680136,1,True,False,,"(-6, 'Terminal: Authorization failed')",1
2026-06-03T06:01:06.556088+00:00,XAUUSDm,BUY,0.62,0.47,4494.2998046875,36.46704580145395,-8.943811403719337,4516.792327065989,4525.744013671875,0.06522180134680136,1,True,False,,"(-6, 'Terminal: Authorization failed')",1
2026-06-03T06:03:14.694947+00:00,XAUUSDm,BUY,0.62,0.54,4492.7998046875,35.94189739270416,-9.063469523378444,4516.649469923132,4525.714013671875,0.05593055555555556,1,True,False,10027,AutoTrading disabled by client,1
2026-06-03T06:03:59.121289+00:00,XAUUSDm,BUY,0.62,0.48,4491.39990234375,35.46525676111463,-9.175142644816333,4516.516145890394,4525.686015625,0.05593055555555556,1,True,False,10027,AutoTrading disabled by client,1
2026-06-03T06:14:10.307780+00:00,XAUUSDm,BUY,0.62,0.5,4494.2998046875,38.72444371904031,-10.118097186886189,4513.917755773707,4524.420009765625,0.08218055555555556,1,True,False,10027,AutoTrading disabled by client,1
2026-06-03T06:21:43.604868+00:00,XAUUSDm,BUY,0.62,0.51,4493.7998046875,38.448978539536114,-10.157983226772558,4513.870136726087,4524.410009765625,0.08899873737373738,1,HOLD,0.05,0.05,0.01,300,600,True,False,10027,AutoTrading disabled by client,1
2026-06-03T06:21:58.066634+00:00,XAUUSDm,BUY,0.62,0.52,4493.7998046875,38.448978539536114,-10.157983226772558,4513.870136726087,4524.410009765625,0.08899873737373738,1,HOLD,0.05,0.05,0.01,300,600,True,False,10027,AutoTrading disabled by client,1
2026-06-03T06:31:19.597013+00:00,XAUUSDm,HOLD,0.60,0.5,4496.7998046875,40.06559463264459,-9.918666987456163,4514.155851011802,4524.470009765625,0.10629040404040405,1,True,False,,,1,0.01,0.0,True,0,0,0,-1,-0.1
2026-06-03T06:31:47.082342+00:00,XAUUSDm,SELL,0.60,0.49,4494.2998046875,38.72444371904031,-10.118097186886189,4513.917755773707,4524.420009765625,0.10629040404040405,1,True,False,10027,AutoTrading disabled by client,1,0.33,0.0,True,0,0,0,-1,-0.1
2026-06-03T06:34:06.482385+00:00,XAUUSDm,SELL,0.60,0.52,4489.39990234375,35.91374863803992,-10.50897258752775,4513.451098407635,4524.32201171875,0.10629040404040405,1,True,False,10027,AutoTrading disabled by client,1,0.01,46425,123800,True,0.0,True,0,0,0,-1,-0.1
2026-06-03T06:36:58.869621+00:00,XAUUSDm,SELL,0.60,0.51,4488.7998046875,35.55169536795543,-10.556843625633519,4513.393946249897,4524.310009765625,0.07837373737373737,1,True,False,10027,AutoTrading disabled by client,1,0.01,46425,123800,True,0.0,True,0,0,0,-1,-0.1
2026-06-03T06:37:15.997214+00:00,XAUUSDm,BUY,0.60,0.48,4489.0,35.672931853193205,-10.540873629193811,4513.413012470135,4524.314013671875,0.07837373737373737,1,True,False,10027,AutoTrading disabled by client,1,0.01,46425,123800,True,0.0,True,0,0,0,-1,-0.1
2026-06-03T06:38:31.856061+00:00,XAUUSDm,BUY,0.60,0.5,4489.7998046875,36.15276908949506,-10.477071545860781,4513.489184345135,4524.330009765625,0.07837373737373737,1,True,False,10027,AutoTrading disabled by client,1,0.01,46425,123800,True,0.0,True,0,0,0,-1,-0.1
2026-06-03T06:38:39.704399+00:00,XAUUSDm,SELL,0.60,0.56,4489.7998046875,36.15276908949506,-10.477071545860781,4513.489184345135,4524.330009765625,0.07837373737373737,1,True,False,10027,AutoTrading disabled by client,1,0.01,46425,123800,True,0.0,True,0,0,0,-1,-0.1
2026-06-03T06:40:06.420479+00:00,XAUUSDm,SELL,0.60,0.49,4490.2998046875,36.449121053550165,-10.437185505975322,4513.536803392754,4524.340009765625,0.07837373737373737,1,True,True,10009,,1,0.01,46425,123800,True,0.0,True,0,0,0,-1,-0.1
2026-06-03T06:49:49.477745+00:00,XAUUSDm,HOLD,0.54,0.53,4490.0,36.27175679636694,-10.461101549421983,4513.508250565374,4524.334013671875,0.06887373737373738,1,True,False,,,1,0.01,300,600,True,0.0,True,0,0,0,-1,-0.04
2026-06-03T06:51:39.592125+00:00,XAUUSDm,HOLD,0.54,0.56,4489.5,35.973744467065416,-10.500987589308352,4513.460631517754,4524.324013671875,0.06887373737373738,1,True,False,,,1,0.01,300,600,True,0.0,True,0,0,0,-1,-0.04
2026-06-03T06:51:52.901291+00:00,XAUUSDm,BUY,0.54,0.51,4489.5,35.973744467065416,-10.500987589308352,4513.460631517754,4524.324013671875,0.06887373737373738,1,True,True,10009,,1,0.01,46425,123800,True,0.0,True,0,0,0,-1,-0.04
2026-06-03T06:59:36.916769+00:00,XAUUSDm,HOLD,0.54,0.51,4486.60009765625,34.188839055632215,-10.732318830405347,4513.184450342159,4524.266015625,0.06887373737373738,1,True,False,,,1,0.01,300,600,True,0.0,True,0,0,0,-1,-0.04
2026-06-03T07:02:00.657571+00:00,XAUUSDm,HOLD,0.54,0.5,4487.2998046875,34.62856087241491,-10.676501745290807,4513.251089107041,4524.280009765625,0.06887373737373738,1,True,False,,,1,0.01,300,600,True,0.0,True,0,0,0,-1,-0.04
2026-06-03T07:03:16.654241+00:00,XAUUSDm,HOLD,0.54,0.52,4487.60009765625,34.81547919036997,-10.652546750633519,4513.279688437397,4524.286015625,0.06887373737373738,1,True,False,,,1,0.01,300,600,True,0.0,True,0,0,0,-1,-0.04
2026-06-03T07:03:52.789233+00:00,XAUUSDm,SELL,0.54,0.47,4487.60009765625,34.81547919036997,-10.652546750633519,4513.279688437397,4524.286015625,0.06887373737373738,1,True,True,10009,,1,0.01,46725,124600,True,0.0,True,0,0,0,-1,-0.04
2026-06-03T07:04:09.422452+00:00,XAUUSDm,SELL,0.54,0.5,4487.10009765625,34.50365794285992,-10.692432790518978,4513.232069389778,4524.276015625,0.06887373737373738,1,True,False,,risk_limit_open_trades_reached: 3 >= 3,1,0.01,300,600,True,0.0,False,0,0,0,-1,-0.04
2026-06-03T07:04:25.804082+00:00,XAUUSDm,SELL,0.54,0.53,4486.7998046875,34.314944447757654,-10.716387785176266,4513.203470059421,4524.270009765625,0.06887373737373738,1,True,False,,risk_limit_open_trades_reached: 3 >= 3,1,0.01,300,600,True,0.0,False,0,0,0,-1,-0.04
2026-06-03T07:04:42.615351+00:00,XAUUSDm,SELL,0.54,0.51,4486.2001953125,33.93485874676294,-10.764219872071408,4513.146364404659,4524.258017578125,0.056373737373737375,1,True,False,,risk_limit_open_trades_reached: 3 >= 3,1,0.01,300,600,True,0.0,False,0,0,0,-1,-0.04
2026-06-03T07:04:58.874971+00:00,XAUUSDm,SELL,0.54,0.51,4486.7001953125,34.25210638204784,-10.724333832185948,4513.193983452278,4524.268017578125,0.056373737373737375,1,True,False,,risk_limit_open_trades_reached: 3 >= 3,1,0.01,300,600,True,0.0,False,0,0,0,-1,-0.04
2026-06-03T07:05:15.167514+00:00,XAUUSDm,SELL,0.54,0.51,4486.7998046875,34.314944447757654,-10.716387785176266,4513.203470059421,4524.270009765625,0.056373737373737375,1,True,False,,risk_limit_open_trades_reached: 3 >= 3,1,0.01,300,600,True,0.0,False,0,0,0,-1,-0.04
2026-06-03T07:05:31.484874+00:00,XAUUSDm,SELL,0.54,0.51,4488.0,35.062746396254326,-10.62064570896655,4513.317774374897,4524.294013671875,0.056373737373737375,1,True,False,,risk_limit_open_trades_reached: 3 >= 3,1,0.01,300,600,True,0.0,False,0,0,0,-1,-0.04
2026-06-03T07:05:47.788013+00:00,XAUUSDm,SELL,0.54,0.49,4487.89990234375,35.00103029596484,-10.628630707185948,4513.308241264778,4524.29201171875,0.056373737373737375,1,True,False,,risk_limit_open_trades_reached: 3 >= 3,1,0.01,300,600,True,0.0,False,0,0,0,-1,-0.04
2026-06-03T07:06:04.059399+00:00,XAUUSDm,SELL,0.54,0.49,4487.60009765625,34.81547919036997,-10.652546750633519,4513.279688437397,4524.286015625,0.056373737373737375,1,True,False,,risk_limit_open_trades_reached: 3 >= 3,1,0.01,300,600,True,0.0,False,0,0,0,-1,-0.04
2026-06-03T07:06:20.751544+00:00,XAUUSDm,SELL,0.54,0.49,4488.60009765625,35.430298408337876,-10.572774670860781,4513.374926532635,4524.306015625,0.056373737373737375,1,True,False,,risk_limit_open_trades_reached: 3 >= 3,1,0.01,300,600,True,0.0,False,0,0,0,-1,-0.04
2026-06-03T07:06:37.002213+00:00,XAUUSDm,SELL,0.54,0.52,4488.5,35.36927929896062,-10.58075966908018,4513.365393422517,4524.304013671875,0.056373737373737375,1,True,False,,risk_limit_open_trades_reached: 3 >= 3,1,0.01,300,600,True,0.0,False,0,0,0,-1,-0.04
2026-06-03T07:06:53.448457+00:00,XAUUSDm,SELL,0.54,0.53,4489.2998046875,35.85364026532292,-10.51695758574624,4513.441565297517,4524.320009765625,0.056373737373737375,1,True,False,,risk_limit_open_trades_reached: 3 >= 3,1,0.01,300,600,True,0.0,False,0,0,0,-1,-0.04
2026-06-03T07:07:10.020579+00:00,XAUUSDm,SELL,0.54,0.51,4489.7998046875,36.15276908949506,-10.477071545860781,4513.489184345135,4524.330009765625,0.056373737373737375,1,True,False,,risk_limit_open_trades_reached: 3 >= 3,1,0.01,300,600,True,0.0,False,0,0,0,-1,-0.04
2026-06-03T07:07:26.331890+00:00,XAUUSDm,SELL,0.54,0.5,4489.2998046875,35.85364026532292,-10.51695758574624,4513.441565297517,4524.320009765625,0.056373737373737375,1,True,False,,risk_limit_open_trades_reached: 3 >= 3,1,0.01,300,600,True,0.0,False,0,0,0,-1,-0.04
2026-06-03T07:07:43.803845+00:00,XAUUSDm,SELL,0.54,0.5,4489.2998046875,35.85364026532292,-10.51695758574624,4513.441565297517,4524.320009765625,0.056373737373737375,1,True,False,,risk_limit_open_trades_reached: 3 >= 3,1,0.01,300,600,True,0.0,False,0,0,0,-1,-0.04
2026-06-03T07:08:00.209654+00:00,XAUUSDm,SELL,0.54,0.48,4488.89990234375,35.61237068004745,-10.54885862741321,4513.403479360017,4524.31201171875,0.056373737373737375,1,True,False,,risk_limit_open_trades_reached: 3 >= 3,1,0.01,300,600,True,0.0,False,0,0,0,-1,-0.04
2026-06-03T07:08:16.900127+00:00,XAUUSDm,SELL,0.54,0.5,4488.89990234375,35.61237068004745,-10.54885862741321,4513.403479360017,4524.31201171875,0.056373737373737375,1,True,False,,risk_limit_open_trades_reached: 3 >= 3,1,0.01,300,600,True,0.0,False,0,0,0,-1,-0.04
2026-06-03T07:08:33.730792+00:00,XAUUSDm,SELL,0.54,0.49,4489.7001953125,36.09339975600353,-10.485017592868644,4513.479697737993,4524.328017578125,0.056373737373737375,1,True,False,,risk_limit_open_trades_reached: 3 >= 3,1,0.01,300,600,True,0.0,False,0,0,0,-1,-0.04
2026-06-03T07:08:50.364026+00:00,XAUUSDm,SELL,0.54,0.51,4490.10009765625,36.331084492707056,-10.453116551202584,4513.517783675493,4524.336015625,0.056373737373737375,1,True,False,,risk_limit_open_trades_reached: 3 >= 3,1,0.01,300,600,True,0.0,False,0,0,0,-1,-0.04
2026-06-03T07:09:06.926383+00:00,XAUUSDm,SELL,0.54,0.49,4490.10009765625,36.331084492707056,-10.453116551202584,4513.517783675493,4524.336015625,0.056373737373737375,1,True,False,,risk_limit_open_trades_reached: 3 >= 3,1,0.01,300,600,True,0.0,False,0,0,0,-1,-0.04
2026-06-03T07:09:23.525806+00:00,XAUUSDm,SELL,0.54,0.49,4490.7001953125,36.68445792118004,-10.405245513097725,4513.5749358332305,4524.348017578125,0.056373737373737375,1,True,False,,risk_limit_open_trades_reached: 3 >= 3,1,0.01,300,600,True,0.0,False,0,0,0,-1,-0.04
2026-06-03T07:09:40.185866+00:00,XAUUSDm,SELL,0.54,0.47,4490.60009765625,36.62578725854589,-10.413230511316215,4513.565402723111,4524.346015625,0.056373737373737375,1,True,False,,risk_limit_open_trades_reached: 3 >= 3,1,0.01,300,600,True,0.0,False,0,0,0,-1,-0.04
2026-06-03T07:09:56.829768+00:00,XAUUSDm,SELL,0.54,0.48,4490.60009765625,36.62578725854589,-10.413230511316215,4513.565402723111,4524.346015625,0.056373737373737375,1,True,False,,risk_limit_open_trades_reached: 3 >= 3,1,0.01,300,600,True,0.0,False,0,0,0,-1,-0.04
2026-06-03T07:10:13.389517+00:00,XAUUSDm,SELL,0.54,0.49504950495049505,4491.10009765625,37.04528857508962,-10.806928311718366,4511.5206428549245,4523.27001953125,0.056373737373737375,1,True,False,,risk_limit_open_trades_reached: 3 >= 3,1,0.01,300,600,True,0.0,False,0,0,0,-1,-0.04
2026-06-03T07:10:29.965134+00:00,XAUUSDm,SELL,0.54,0.45544554455445546,4489.7998046875,36.57865556347228,-10.910655386148392,4511.396805429329,4523.244013671875,0.056373737373737375,1,True,False,,risk_limit_open_trades_reached: 3 >= 3,1,0.01,300,600,True,0.0,False,0,0,0,-1,-0.04
2026-06-03T07:10:46.518222+00:00,XAUUSDm,SELL,0.54,0.5247524752475248,4489.60009765625,36.50802657657404,-10.926586431376563,4511.377785712067,4523.24001953125,0.056373737373737375,1,True,False,,risk_limit_open_trades_reached: 3 >= 3,1,0.01,300,600,True,0.0,False,0,0,0,-1,-0.04
2026-06-03T07:11:03.274399+00:00,XAUUSDm,SELL,0.54,0.5247524752475248,4489.7998046875,36.57865556347228,-10.910655386148392,4511.396805429329,4523.244013671875,0.056373737373737375,1,True,False,,risk_limit_open_trades_reached: 3 >= 3,1,0.01,300,600,True,0.0,False,0,0,0,-1,-0.04
2026-06-03T07:11:19.880605+00:00,XAUUSDm,SELL,0.54,0.49504950495049505,4489.60009765625,36.50802657657404,-10.926586431376563,4511.377785712067,4523.24001953125,0.056373737373737375,1,True,False,,risk_limit_open_trades_reached: 3 >= 3,1,0.01,300,600,True,0.0,False,0,0,0,-1,-0.04
2026-06-03T07:11:36.540739+00:00,XAUUSDm,SELL,0.54,0.49504950495049505,4488.2001953125,36.02048774536823,-11.038259552815362,4511.244461679329,4523.212021484375,0.056373737373737375,1,True,False,,risk_limit_open_trades_reached: 3 >= 3,1,0.01,300,600,True,0.0,False,0,0,0,-1,-0.04
2026-06-03T07:11:53.366615+00:00,XAUUSDm,SELL,0.54,0.5346534653465347,4489.7001953125,36.54339328668285,-10.918601433156255,4511.387318822186,4523.242021484375,0.056373737373737375,1,True,False,,risk_limit_open_trades_reached: 3 >= 3,1,0.01,300,600,True,0.0,False,0,0,0,-1,-0.04
2026-06-03T07:12:09.873095+00:00,XAUUSDm,SELL,0.54,0.49504950495049505,4489.2001953125,36.367412682262554,-10.958487473043533,4511.339699774567,4523.232021484375,0.056373737373737375,1,True,False,,risk_limit_open_trades_reached: 3 >= 3,1,0.01,300,600,True,0.0,False,0,0,0,-1,-0.04
2026-06-03T07:12:26.461821+00:00,XAUUSDm,SELL,0.54,0.5445544554455446,4490.10009765625,36.685373981147514,-10.886700391490194,4511.425404759686,4523.25001953125,0.056373737373737375,1,True,False,,risk_limit_open_trades_reached: 3 >= 3,1,0.01,300,600,True,0.0,False,0,0,0,-1,-0.04
2026-06-03T07:12:43.092261+00:00,XAUUSDm,SELL,0.54,0.504950495049505,4489.2001953125,36.367412682262554,-10.958487473043533,4511.339699774567,4523.232021484375,0.056373737373737375,1,True,False,,risk_limit_open_trades_reached: 3 >= 3,1,0.01,300,600,True,0.0,False,0,0,0,-1,-0.04
2026-06-03T07:12:59.805348+00:00,XAUUSDm,SELL,0.54,0.49504950495049505,4492.10009765625,37.51130205699754,-10.727156231945628,4511.615880950162,4523.29001953125,0.056373737373737375,1,True,False,,risk_limit_open_trades_reached: 3 >= 3,1,0.01,300,600,True,0.0,False,0,0,0,-1,-0.04
2026-06-03T07:13:16.519322+00:00,XAUUSDm,SELL,0.54,0.49504950495049505,4493.10009765625,38.11959597898862,-10.6473841521738,4511.711119045401,4523.31001953125,0.056373737373737375,1,True,False,,risk_limit_open_trades_reached: 3 >= 3,1,0.01,300,600,True,0.0,False,0,0,0,-1,-0.04
2026-06-03T07:13:33.026224+00:00,XAUUSDm,SELL,0.54,0.5247524752475248,4493.5,38.35955204717551,-10.61548311050774,4511.749204982901,4523.318017578125,0.056373737373737375,1,True,False,,risk_limit_open_trades_reached: 3 >= 3,1,0.01,300,600,True,0.0,False,0,0,0,-1,-0.04
2026-06-03T07:13:49.493362+00:00,XAUUSDm,SELL,0.54,0.48514851485148514,4495.10009765625,39.30133382668299,-10.487839992630143,4511.901595235877,4523.35001953125,0.056373737373737375,1,True,False,,risk_limit_open_trades_reached: 3 >= 3,1,0.01,300,600,True,0.0,False,0,0,0,-1,-0.04
2026-06-03T07:14:06.460896+00:00,XAUUSDm,SELL,0.54,0.5445544554455446,4494.89990234375,39.18508139579065,-10.503809989068941,4511.882529015638,4523.346015625,0.056373737373737375,1,True,False,,risk_limit_open_trades_reached: 3 >= 3,1,0.01,300,600,True,0.0,False,0,0,0,-1,-0.04
2026-06-03T07:14:23.209584+00:00,XAUUSDm,SELL,0.54,0.4752475247524752,4492.60009765625,37.816936612137,-10.687270192060168,4511.663499997781,4523.30001953125,0.056373737373737375,1,True,False,,risk_limit_open_trades_reached: 3 >= 3,1,0.01,300,600,True,0.0,False,0,0,0,-1,-0.04
2026-06-03T07:14:39.689770+00:00,XAUUSDm,SELL,0.54,0.46534653465346537,4492.2001953125,37.57272895660241,-10.719171233726229,4511.625414060281,4523.292021484375,0.056373737373737375,1,True,False,,risk_limit_open_trades_reached: 3 >= 3,1,0.01,300,600,True,0.0,False,0,0,0,-1,-0.04
2026-06-03T07:14:56.274903+00:00,XAUUSDm,SELL,0.54,0.5148514851485149,4492.7998046875,37.93817742944814,-10.671339146832906,4511.682519715043,4523.304013671875,0.056373737373737375,1,True,False,,risk_limit_open_trades_reached: 3 >= 3,1,0.01,300,600,True,0.0,False,0,0,0,-1,-0.04
2026-06-03T07:15:12.846391+00:00,XAUUSDm,SELL,0.54,0.49504950495049505,4493.10009765625,38.11959597898862,-10.6473841521738,4511.711119045401,4523.31001953125,0.050123737373737376,1,True,False,,risk_limit_open_trades_reached: 3 >= 3,1,0.01,300,600,True,0.0,False,0,0,0,-1,-0.04
2026-06-03T07:15:29.485726+00:00,XAUUSDm,SELL,0.54,0.504950495049505,4494.2001953125,38.77524332677505,-10.559627074182572,4511.815890250758,4523.332021484375,0.050123737373737376,1,True,False,,risk_limit_open_trades_reached: 3 >= 3,1,0.01,300,600,True,0.0,False,0,0,0,-1,-0.04
2026-06-03T07:15:46.805220+00:00,XAUUSDm,SELL,0.54,0.49504950495049505,4493.7998046875,38.53822883540312,-10.591567067060168,4511.777757810281,4523.324013671875,0.050123737373737376,1,True,False,,risk_limit_open_trades_reached: 3 >= 3,1,0.01,300,600,True,0.0,False,0,0,0,-1,-0.04
2026-06-03T07:16:03.860306+00:00,XAUUSDm,SELL,0.54,0.5247524752475248,4493.5,38.35955204717551,-10.61548311050774,4511.749204982901,4523.318017578125,0.050123737373737376,1,True,False,,risk_limit_open_trades_reached: 3 >= 3,1,0.01,300,600,True,0.0,False,0,0,0,-1,-0.04
2026-06-03T07:16:20.216705+00:00,XAUUSDm,SELL,0.54,0.5148514851485149,4493.7998046875,38.53822883540312,-10.591567067060168,4511.777757810281,4523.324013671875,0.050123737373737376,1,True,False,,risk_limit_open_trades_reached: 3 >= 3,1,0.01,300,600,True,0.0,False,0,0,0,-1,-0.04
2026-06-03T07:16:36.973827+00:00,XAUUSDm,SELL,0.54,0.5148514851485149,4493.2001953125,38.17983336003676,-10.63939915395531,4511.72065215552,4523.312021484375,0.050123737373737376,1,True,False,,risk_limit_open_trades_reached: 3 >= 3,1,0.01,300,600,True,0.0,False,0,0,0,-1,-0.04
2026-06-03T07:16:53.404306+00:00,XAUUSDm,SELL,0.54,0.48514851485148514,4492.89990234375,37.998768358526426,-10.663354148612598,4511.692052825162,4523.306015625,0.050123737373737376,1,True,False,,risk_limit_open_trades_reached: 3 >= 3,1,0.01,300,600,True,0.0,False,0,0,0,-1,-0.04
2026-06-03T07:17:10.438408+00:00,XAUUSDm,SELL,0.54,0.5346534653465347,4493.0,38.05924109320499,-10.655369150393199,4511.701585935281,4523.308017578125,0.050123737373737376,1,True,False,,risk_limit_open_trades_reached: 3 >= 3,1,0.01,300,600,True,0.0,False,0,0,0,-1,-0.04
2026-06-03T07:17:26.855464+00:00,XAUUSDm,SELL,0.54,0.5445544554455446,4492.5,37.755989595783255,-10.695255190278658,4511.653966887662,4523.298017578125,0.050123737373737376,1,True,False,,risk_limit_open_trades_reached: 3 >= 3,1,0.01,300,600,True,0.0,False,0,0,0,-1,-0.04
2026-06-03T07:17:43.383847+00:00,XAUUSDm,SELL,0.54,0.49504950495049505,4493.39990234375,38.2996645613595,-10.623468108726229,4511.739671872781,4523.316015625,0.050123737373737376,1,True,False,,risk_limit_open_trades_reached: 3 >= 3,1,0.01,300,600,True,0.0,False,0,0,0,-1,-0.04
2026-06-03T07:18:00.199515+00:00,XAUUSDm,SELL,0.54,0.5148514851485149,4493.39990234375,38.2996645613595,-10.623468108726229,4511.739671872781,4523.316015625,0.050123737373737376,1,True,False,,risk_limit_open_trades_reached: 3 >= 3,1,0.01,300,600,True,0.0,False,0,0,0,-1,-0.04
2026-06-03T07:18:16.713787+00:00,XAUUSDm,SELL,0.54,0.504950495049505,4494.0,38.6569650217483,-10.57559707062137,4511.79682403052,4523.328017578125,0.050123737373737376,1,True,False,,risk_limit_open_trades_reached: 3 >= 3,1,0.01,300,600,True,0.0,False,0,0,0,-1,-0.04
2026-06-03T07:18:33.363090+00:00,XAUUSDm,SELL,0.54,0.48514851485148514,4494.7001953125,39.06866798365489,-10.519741034296203,4511.863509298377,4523.342021484375,0.050123737373737376,1,True,False,,risk_limit_open_trades_reached: 3 >= 3,1,0.01,300,600,True,0.0,False,0,0,0,-1,-0.04
2026-06-03T07:18:49.951122+00:00,XAUUSDm,SELL,0.54,0.5346534653465347,4494.7001953125,39.06866798365489,-10.519741034296203,4511.863509298377,4523.342021484375,0.050123737373737376,1,True,False,,risk_limit_open_trades_reached: 3 >= 3,1,0.01,300,600,True,0.0,False,0,0,0,-1,-0.04
2026-06-03T07:19:06.621127+00:00,XAUUSDm,SELL,0.54,0.5148514851485149,4494.7001953125,39.06866798365489,-10.519741034296203,4511.863509298377,4523.342021484375,0.050123737373737376,1,True,False,,risk_limit_open_trades_reached: 3 >= 3,1,0.01,300,600,True,0.0,False,0,0,0,-1,-0.04
2026-06-03T07:19:23.427324+00:00,XAUUSDm,SELL,0.54,0.48514851485148514,4494.10009765625,38.716161243730134,-10.567612072401971,4511.806357140638,4523.33001953125,0.050123737373737376,1,True,False,,risk_limit_open_trades_reached: 3 >= 3,1,0.01,300,600,True,0.0,False,0,0,0,-1,-0.04
2026-06-03T07:19:40.068718+00:00,XAUUSDm,SELL,0.54,0.504950495049505,4494.7998046875,39.12678803191911,-10.51179498728834,4511.87299590552,4523.344013671875,0.050123737373737376,1,True,False,,risk_limit_open_trades_reached: 3 >= 3,1,0.01,300,600,True,0.0,False,0,0,0,-1,-0.04
2026-06-03T07:19:56.644517+00:00,XAUUSDm,SELL,0.54,0.504950495049505,4497.39990234375,40.60562419179677,-10.304379789638006,4512.120624253734,4523.396015625,0.050123737373737376,1,True,False,,risk_limit_open_trades_reached: 3 >= 3,1,0.01,300,600,True,0.0,False,0,0,0,-1,-0.04
2026-06-03T07:20:13.110759+00:00,XAUUSDm,SELL,0.57,0.4752475247524752,4497.2998046875,40.55002355325988,-10.312364787858314,4512.111091143614,4523.394013671875,0.042373737373737376,1,True,False,,risk_limit_open_trades_reached: 3 >= 3,1,0.01,300,600,True,0.0,False,0,0,0,-1,-0.07
2026-06-03T07:20:29.647647+00:00,XAUUSDm,SELL,0.57,0.46534653465346537,4497.89990234375,40.881806175683245,-10.264493749752546,4512.168243301353,4523.406015625,0.042373737373737376,1,True,False,,risk_limit_open_trades_reached: 3 >= 3,1,0.01,300,600,True,0.0,False,0,0,0,-1,-0.07
2026-06-03T07:20:46.265435+00:00,XAUUSDm,SELL,0.57,0.48514851485148514,4498.39990234375,41.155431572500795,-10.224607709866177,4512.215862348972,4523.416015625,0.042373737373737376,1,True,False,,risk_limit_open_trades_reached: 3 >= 3,1,0.01,300,600,True,0.0,False,0,0,0,-1,-0.07
2026-06-03T07:21:02.954067+00:00,XAUUSDm,SELL,0.57,0.5346534653465347,4498.2998046875,41.10085602079403,-10.232592708085576,4512.206329238853,4523.414013671875,0.042373737373737376,1,True,False,,risk_limit_open_trades_reached: 3 >= 3,1,0.01,300,600,True,0.0,False,0,0,0,-1,-0.07
2026-06-03T07:21:19.688663+00:00,XAUUSDm,SELL,0.57,0.48514851485148514,4498.2001953125,41.046446105496706,-10.24053875509344,4512.19684263171,4523.412021484375,0.042373737373737376,1,True,False,,risk_limit_open_trades_reached: 3 >= 3,1,0.01,300,600,True,0.0,False,0,0,0,-1,-0.07
2026-06-03T07:21:36.242664+00:00,XAUUSDm,SELL,0.57,0.48514851485148514,4498.0,40.93678823301194,-10.256508751533147,4512.177776411472,4523.408017578125,0.042373737373737376,1,True,False,,risk_limit_open_trades_reached: 3 >= 3,1,0.01,300,600,True,0.0,False,0,0,0,-1,-0.07
2026-06-03T07:21:52.859676+00:00,XAUUSDm,SELL,0.57,0.504950495049505,4498.89990234375,41.42653571778016,-10.184721669980718,4512.263481396591,4523.426015625,0.042373737373737376,1,True,False,,risk_limit_open_trades_reached: 3 >= 3,1,0.01,300,600,True,0.0,False,0,0,0,-1,-0.07
2026-06-03T07:22:09.511486+00:00,XAUUSDm,SELL,0.57,0.5247524752475248,4498.39990234375,41.155431572500795,-10.224607709866177,4512.215862348972,4523.416015625,0.042373737373737376,1,True,False,,risk_limit_open_trades_reached: 3 >= 3,1,0.01,300,600,True,0.0,False,0,0,0,-1,-0.07
2026-06-03T07:22:26.025639+00:00,XAUUSDm,SELL,0.57,0.43564356435643564,4499.2998046875,41.64157474443772,-10.152820628313748,4512.301567334091,4523.434013671875,0.042373737373737376,1,True,False,,risk_limit_open_trades_reached: 3 >= 3,1,0.01,300,600,True,0.0,False,0,0,0,-1,-0.07
2026-06-03T07:22:43.163373+00:00,XAUUSDm,SELL,0.57,0.48514851485148514,4500.39990234375,42.22506436515161,-10.06506355032252,4512.406338539448,4523.456015625,0.042373737373737376,1,True,False,,risk_limit_open_trades_reached: 3 >= 3,1,0.01,300,600,True,0.0,False,0,0,0,-1,-0.07
2026-06-03T07:22:59.923801+00:00,XAUUSDm,SELL,0.57,0.46534653465346537,4499.7001953125,41.85530030128687,-10.120880635436151,4512.339699774567,4523.442021484375,0.042373737373737376,1,True,False,,risk_limit_open_trades_reached: 3 >= 3,1,0.01,300,600,True,0.0,False,0,0,0,-1,-0.07
2026-06-03T07:23:17.280069+00:00,XAUUSDm,SELL,0.57,0.5445544554455446,4499.5,41.74863356315593,-10.13685063187495,4512.320633554329,4523.438017578125,0.042373737373737376,1,True,False,,risk_limit_open_trades_reached: 3 >= 3,1,0.01,300,600,True,0.0,False,0,0,0,-1,-0.07
2026-06-03T07:23:34.784959+00:00,XAUUSDm,SELL,0.57,0.46534653465346537,4498.7998046875,41.37246211124929,-10.192706668200117,4512.253948286472,4523.424013671875,0.042373737373737376,1,True,False,,risk_limit_open_trades_reached: 3 >= 3,1,0.01,300,600,True,0.0,False,0,0,0,-1,-0.07
2026-06-03T07:23:51.680104+00:00,XAUUSDm,SELL,0.57,0.5445544554455446,4497.5,40.661120926425575,-10.296394791418606,4512.130157363853,4523.398017578125,0.042373737373737376,1,True,False,,risk_limit_open_trades_reached: 3 >= 3,1,0.01,300,600,True,0.0,False,0,0,0,-1,-0.07
2026-06-03T07:24:07.947483+00:00,XAUUSDm,SELL,0.57,0.46534653465346537,4497.89990234375,40.881806175683245,-10.264493749752546,4512.168243301353,4523.406015625,0.042373737373737376,1,True,False,,risk_limit_open_trades_reached: 3 >= 3,1,0.01,300,600,True,0.0,False,0,0,0,-1,-0.07
2026-06-03T07:24:24.517239+00:00,XAUUSDm,SELL,0.57,0.4752475247524752,4498.39990234375,41.155431572500795,-10.224607709866177,4512.215862348972,4523.416015625,0.042373737373737376,1,True,False,,risk_limit_open_trades_reached: 3 >= 3,1,0.01,300,600,True,0.0,False,0,0,0,-1,-0.07
2026-06-03T07:24:40.829428+00:00,XAUUSDm,SELL,0.57,0.49504950495049505,4498.60009765625,41.26427982112011,-10.208637713427379,4512.23492856921,4523.42001953125,0.042373737373737376,1,True,False,,risk_limit_open_trades_reached: 3 >= 3,1,0.01,300,600,True,0.0,False,0,0,0,-1,-0.07
2026-06-03T07:24:57.172284+00:00,XAUUSDm,SELL,0.57,0.48514851485148514,4497.10009765625,40.43878188975251,-10.328295833085576,4512.092071426353,4523.39001953125,0.042373737373737376,1,True,False,,risk_limit_open_trades_reached: 3 >= 3,1,0.01,300,600,True,0.0,False,0,0,0,-1,-0.07
2026-06-03T07:25:13.433351+00:00,XAUUSDm,SELL,0.57,0.49504950495049505,4498.2998046875,41.10085602079403,-10.232592708085576,4512.206329238853,4523.414013671875,0.042373737373737376,1,True,False,,risk_limit_open_trades_reached: 3 >= 3,1,0.01,300,600,True,0.0,False,0,0,0,-1,-0.07
2026-06-03T07:25:29.729165+00:00,XAUUSDm,SELL,0.71,0.48514851485148514,4495.89990234375,39.76137531702685,-10.424037909296203,4511.977767110877,4523.366015625,0.042373737373737376,0,True,False,,risk_limit_open_trades_reached: 3 >= 3,1,0.01,300,600,True,0.0,False,0,0,0,-1,-0.21
2026-06-03T07:25:46.022115+00:00,XAUUSDm,SELL,0.57,0.5148514851485149,4495.89990234375,39.76137531702685,-10.424037909296203,4511.977767110877,4523.366015625,0.042373737373737376,1,True,False,,risk_limit_open_trades_reached: 3 >= 3,1,0.01,300,600,True,0.0,False,0,0,0,-1,-0.07
2026-06-03T07:26:02.346985+00:00,XAUUSDm,SELL,0.71,0.5148514851485149,4496.2001953125,39.9323060016112,-10.400082914638006,4512.006366441234,4523.372021484375,0.042373737373737376,0,True,False,,risk_limit_open_trades_reached: 3 >= 3,1,0.01,300,600,True,0.0,False,0,0,0,-1,-0.21
2026-06-03T07:26:18.905566+00:00,XAUUSDm,SELL,0.57,0.48514851485148514,4495.7001953125,39.64715983497136,-10.439968954525284,4511.958747393614,4523.362021484375,0.042373737373737376,1,True,False,,risk_limit_open_trades_reached: 3 >= 3,1,0.01,300,600,True,0.0,False,0,0,0,-1,-0.07
2026-06-03T07:26:35.242325+00:00,XAUUSDm,SELL,0.57,0.49504950495049505,4495.7001953125,39.64715983497136,-10.439968954525284,4511.958747393614,4523.362021484375,0.042373737373737376,1,True,False,,risk_limit_open_trades_reached: 3 >= 3,1,0.01,300,600,True,0.0,False,0,0,0,-1,-0.07
2026-06-03T07:26:51.646508+00:00,XAUUSDm,SELL,0.57,0.44554455445544555,4496.10009765625,39.87543699234834,-10.408067912858314,4511.996833331114,4523.37001953125,0.042373737373737376,1,True,False,,risk_limit_open_trades_reached: 3 >= 3,1,0.01,300,600,True,0.0,False,0,0,0,-1,-0.07
2026-06-03T07:27:07.942484+00:00,XAUUSDm,SELL,0.71,0.5346534653465347,4496.0,39.81846019972422,-10.416052911077713,4511.987300220995,4523.368017578125,0.042373737373737376,0,True,False,,risk_limit_open_trades_reached: 3 >= 3,1,0.01,300,600,True,0.0,False,0,0,0,-1,-0.21
2026-06-03T07:27:24.660522+00:00,XAUUSDm,SELL,0.57,0.5544554455445545,4496.7001953125,40.21477040583549,-10.360196874752546,4512.053985488853,4523.382021484375,0.042373737373737376,1,True,False,,risk_limit_open_trades_reached: 3 >= 3,1,0.01,300,600,True,0.0,False,0,0,0,-1,-0.07
2026-06-03T07:27:40.926838+00:00,XAUUSDm,SELL,0.57,0.504950495049505,4496.5,40.101993796490405,-10.376166871191344,4512.034919268614,4523.378017578125,0.042373737373737376,1,True,False,,risk_limit_open_trades_reached: 3 >= 3,1,0.01,300,600,True,0.0,False,0,0,0,-1,-0.07
2026-06-03T07:27:58.333064+00:00,XAUUSDm,SELL,0.57,0.5247524752475248,4497.2001953125,40.49459070300966,-10.320310834866177,4512.101604536472,4523.392021484375,0.042373737373737376,1,True,False,,risk_limit_open_trades_reached: 3 >= 3,1,0.01,300,600,True,0.0,False,0,0,0,-1,-0.07
2026-06-03T07:28:14.696389+00:00,XAUUSDm,SELL,0.57,0.46534653465346537,4497.10009765625,40.43878188975251,-10.328295833085576,4512.092071426353,4523.39001953125,0.042373737373737376,1,True,False,,risk_limit_open_trades_reached: 3 >= 3,1,0.01,300,600,True,0.0,False,0,0,0,-1,-0.07
2026-06-03T07:41:40.687854+00:00,XAUUSDm,SELL,0.57,0.5148514851485149,4485.7998046875,35.21414046165452,-11.229743705236615,4511.015853048377,4523.164013671875,0.048623737373737375,1,True,False,,risk_limit_open_trades_reached: 3 >= 3,1,0.01,300,600,True,0.0,False,0,0,0,-1,-0.07
2026-06-03T07:41:57.606101+00:00,XAUUSDm,SELL,0.57,0.5148514851485149,4485.2001953125,35.01832167354331,-11.277575792130847,4510.958747393614,4523.152021484375,0.048623737373737375,1,True,True,10009,,1,0.01,47244,125984,True,0.0,True,0,0,0,-1,-0.07
2026-06-03T07:42:14.183839+00:00,XAUUSDm,SELL,0.57,0.49504950495049505,4485.0,34.953426482958434,-11.293545788570555,4510.939681173377,4523.148017578125,0.048623737373737375,1,True,False,,risk_limit_open_trades_reached: 3 >= 3,1,0.01,300,600,True,0.0,False,0,0,0,-1,-0.07
2026-06-03T07:42:30.715569+00:00,XAUUSDm,SELL,0.57,0.49504950495049505,4487.10009765625,35.64640294318768,-11.126016630806589,4511.139690473972,4523.19001953125,0.048623737373737375,1,True,False,,risk_limit_open_trades_reached: 3 >= 3,1,0.01,300,600,True,0.0,False,0,0,0,-1,-0.07
2026-06-03T07:42:47.737329+00:00,XAUUSDm,SELL,0.57,0.5148514851485149,4486.7998046875,35.545635397405405,-11.149971625463877,4511.111091143614,4523.184013671875,0.048623737373737375,1,True,False,,risk_limit_open_trades_reached: 3 >= 3,1,0.01,300,600,True,0.0,False,0,0,0,-1,-0.07
2026-06-03T07:43:04.388763+00:00,XAUUSDm,SELL,0.57,0.5346534653465347,4486.5,35.44559842542073,-11.173887668911448,4511.082538316234,4523.178017578125,0.048623737373737375,1,True,False,,risk_limit_open_trades_reached: 3 >= 3,1,0.01,300,600,True,0.0,False,0,0,0,-1,-0.07
2026-06-03T07:43:21.328517+00:00,XAUUSDm,SELL,0.57,0.48514851485148514,4486.7998046875,35.545635397405405,-11.149971625463877,4511.111091143614,4523.184013671875,0.048623737373737375,1,True,False,,risk_limit_open_trades_reached: 3 >= 3,1,0.01,300,600,True,0.0,False,0,0,0,-1,-0.07
2026-06-03T07:43:37.857249+00:00,XAUUSDm,SELL,0.57,0.49504950495049505,4486.60009765625,35.47893571820316,-11.165902670692958,4511.092071426353,4523.18001953125,0.048623737373737375,1,True,False,,risk_limit_open_trades_reached: 3 >= 3,1,0.01,300,600,True,0.0,False,0,0,0,-1,-0.07
2026-06-03T07:43:54.445171+00:00,XAUUSDm,SELL,0.57,0.49504950495049505,4487.0,35.61275034036473,-11.134001629025988,4511.130157363853,4523.188017578125,0.048623737373737375,1,True,False,,risk_limit_open_trades_reached: 3 >= 3,1,0.01,300,600,True,0.0,False,0,0,0,-1,-0.07
2026-06-03T07:44:11.069109+00:00,XAUUSDm,SELL,0.57,0.5247524752475248,4487.0,35.61275034036473,-11.134001629025988,4511.130157363853,4523.188017578125,0.048623737373737375,1,True,False,,risk_limit_open_trades_reached: 3 >= 3,1,0.01,300,600,True,0.0,False,0,0,0,-1,-0.07
2026-06-03T07:44:27.817523+00:00,XAUUSDm,SELL,0.57,0.49504950495049505,4489.0,36.29742595889984,-10.974457469481422,4511.320633554329,4523.228017578125,0.048623737373737375,1,True,False,,risk_limit_open_trades_reached: 3 >= 3,1,0.01,300,600,True,0.0,False,0,0,0,-1,-0.07
2026-06-03T07:44:44.412372+00:00,XAUUSDm,SELL,0.57,0.5247524752475248,4489.7001953125,36.54339328668285,-10.918601433156255,4511.387318822186,4523.242021484375,0.048623737373737375,1,True,False,,risk_limit_open_trades_reached: 3 >= 3,1,0.01,300,600,True,0.0,False,0,0,0,-1,-0.07
2026-06-03T07:45:01.488456+00:00,XAUUSDm,SELL,0.57,0.45544554455445546,4489.7998046875,36.57865556347228,-10.910655386148392,4511.396805429329,4523.244013671875,0.048623737373737375,1,True,False,,risk_limit_open_trades_reached: 3 >= 3,1,0.01,300,600,True,0.0,False,0,0,0,-1,-0.07
2026-06-03T07:45:18.612551+00:00,XAUUSDm,SELL,0.57,0.504950495049505,4490.60009765625,36.86445282056481,-10.846814351603825,4511.473023807305,4523.26001953125,0.048623737373737375,1,True,False,,risk_limit_open_trades_reached: 3 >= 3,1,0.01,300,600,True,0.0,False,0,0,0,-1,-0.07
2026-06-03T07:45:35.326240+00:00,XAUUSDm,SELL,0.57,0.504950495049505,4490.7998046875,36.936468995028434,-10.830883306376563,4511.492043524567,4523.264013671875,0.048623737373737375,1,True,False,,risk_limit_open_trades_reached: 3 >= 3,1,0.01,300,600,True,0.0,False,0,0,0,-1,-0.07
2026-06-03T07:45:51.734575+00:00,XAUUSDm,SELL,0.57,0.504950495049505,4490.2001953125,36.721085300204926,-10.878715393270795,4511.434937869805,4523.252021484375,0.048623737373737375,1,True,False,,risk_limit_open_trades_reached: 3 >= 3,1,0.01,300,600,True,0.0,False,0,0,0,-1,-0.07
2026-06-03T07:46:08.460255+00:00,XAUUSDm,SELL,0.57,0.46534653465346537,4489.39990234375,36.437498127108896,-10.942556427815362,4511.358719491829,4523.236015625,0.048623737373737375,1,True,False,,risk_limit_open_trades_reached: 3 >= 3,1,0.01,300,600,True,0.0,False,0,0,0,-1,-0.07
2026-06-03T07:46:25.586445+00:00,XAUUSDm,SELL,0.57,0.5346534653465347,4488.7998046875,36.22770808795397,-10.99042746592113,4511.301567334091,4523.224013671875,0.048623737373737375,1,True,False,,risk_limit_open_trades_reached: 3 >= 3,1,0.01,300,600,True,0.0,False,0,0,0,-1,-0.07
2026-06-03T07:46:42.232728+00:00,XAUUSDm,SELL,0.57,0.4752475247524752,4488.7998046875,36.22770808795397,-10.99042746592113,4511.301567334091,4523.224013671875,0.04640151515151515,1,True,False,,risk_limit_open_trades_reached: 3 >= 3,1,0.01,300,600,True,0.0,False,0,0,0,-1,-0.07
2026-06-03T07:46:58.874949+00:00,XAUUSDm,SELL,0.57,0.48514851485148514,4488.2998046875,36.054747621483955,-11.030313505806589,4511.253948286472,4523.214013671875,0.04640151515151515,1,True,False,,risk_limit_open_trades_reached: 3 >= 3,1,0.01,300,600,True,0.0,False,0,0,0,-1,-0.07
2026-06-03T07:47:15.472925+00:00,XAUUSDm,SELL,0.57,0.504950495049505,4488.5,36.12380074473946,-11.01434350936779,4511.27301450671,4523.218017578125,0.04640151515151515,1,True,False,,risk_limit_open_trades_reached: 3 >= 3,1,0.01,300,600,True,0.0,False,0,0,0,-1,-0.07
2026-06-03T07:47:32.487000+00:00,XAUUSDm,SELL,0.57,0.48514851485148514,4488.60009765625,36.15842659088764,-11.006358511148392,4511.282547616829,4523.22001953125,0.04640151515151515,1,True,False,,risk_limit_open_trades_reached: 3 >= 3,1,0.01,300,600,True,0.0,False,0,0,0,-1,-0.07
2026-06-03T07:47:49.051733+00:00,XAUUSDm,SELL,0.57,0.4752475247524752,4488.7998046875,36.22770808795397,-10.99042746592113,4511.301567334091,4523.224013671875,0.04640151515151515,1,True,False,,risk_limit_open_trades_reached: 3 >= 3,1,0.01,300,600,True,0.0,False,0,0,0,-1,-0.07
2026-06-03T07:48:05.722892+00:00,XAUUSDm,SELL,0.57,0.46534653465346537,4488.0,35.95182866170762,-11.05422954925416,4511.225395459091,4523.208017578125,0.04640151515151515,1,True,False,,risk_limit_open_trades_reached: 3 >= 3,1,0.01,300,600,True,0.0,False,0,0,0,-1,-0.07
2026-06-03T07:48:22.494282+00:00,XAUUSDm,SELL,0.57,0.49504950495049505,4488.0,35.95182866170762,-11.05422954925416,4511.225395459091,4523.208017578125,0.04640151515151515,1,True,False,,risk_limit_open_trades_reached: 3 >= 3,1,0.01,300,600,True,0.0,False,0,0,0,-1,-0.07
2026-06-03T07:48:38.868379+00:00,XAUUSDm,SELL,0.57,0.4752475247524752,4487.60009765625,35.815458619326506,-11.08613059092113,4511.187309521591,4523.20001953125,0.04640151515151515,1,True,False,,risk_limit_open_trades_reached: 3 >= 3,1,0.01,300,600,True,0.0,False,0,0,0,-1,-0.07
2026-06-03T07:48:55.575290+00:00,XAUUSDm,SELL,0.57,0.49504950495049505,4488.0,35.95182866170762,-11.05422954925416,4511.225395459091,4523.208017578125,0.04640151515151515,1,True,False,,risk_limit_open_trades_reached: 3 >= 3,1,0.01,300,600,True,0.0,False,0,0,0,-1,-0.07
2026-06-03T07:49:12.101330+00:00,XAUUSDm,SELL,0.57,0.49504950495049505,4488.89990234375,36.26253351379198,-10.982442467700821,4511.31110044421,4523.226015625,0.04640151515151515,1,True,False,,risk_limit_open_trades_reached: 3 >= 3,1,0.01,300,600,True,0.0,False,0,0,0,-1,-0.07
2026-06-03T07:49:28.622718+00:00,XAUUSDm,SELL,0.57,0.504950495049505,4487.60009765625,35.815458619326506,-11.08613059092113,4511.187309521591,4523.20001953125,0.04640151515151515,1,True,False,,risk_limit_open_trades_reached: 3 >= 3,1,0.01,300,600,True,0.0,False,0,0,0,-1,-0.07
2026-06-03T07:49:45.159211+00:00,XAUUSDm,SELL,0.57,0.49504950495049505,4486.89990234375,35.57916121825441,-11.141986627245387,4511.120624253734,4523.186015625,0.04640151515151515,1,True,False,,risk_limit_open_trades_reached: 3 >= 3,1,0.01,300,600,True,0.0,False,0,0,0,-1,-0.07
2026-06-03T07:50:01.862803+00:00,XAUUSDm,SELL,0.57,0.5247524752475248,4486.7001953125,35.51233577879847,-11.157917672473559,4511.101604536472,4523.182021484375,0.04640151515151515,1,True,False,,risk_limit_open_trades_reached: 3 >= 3,1,0.01,300,600,True,0.0,False,0,0,0,-1,-0.07
2026-06-03T07:50:18.587454+00:00,XAUUSDm,SELL,0.57,0.5148514851485149,4486.2001953125,35.34612294632417,-11.197803712359018,4511.053985488853,4523.172021484375,0.04640151515151515,1,True,False,,risk_limit_open_trades_reached: 3 >= 3,1,0.01,300,600,True,0.0,False,0,0,0,-1,-0.07
2026-06-03T07:50:35.030466+00:00,XAUUSDm,SELL,0.57,0.49504950495049505,4486.39990234375,35.41232372368053,-11.181872667130847,4511.073005206114,4523.176015625,0.04640151515151515,1,True,False,,risk_limit_open_trades_reached: 3 >= 3,1,0.01,300,600,True,0.0,False,0,0,0,-1,-0.07
2026-06-03T07:50:51.850774+00:00,XAUUSDm,SELL,0.57,0.4752475247524752,4486.0,35.280008267826986,-11.213773708797817,4511.034919268614,4523.168017578125,0.04640151515151515,1,True,False,,risk_limit_open_trades_reached: 3 >= 3,1,0.01,300,600,True,0.0,False,0,0,0,-1,-0.07
2026-06-03T07:51:08.654470+00:00,XAUUSDm,SELL,0.57,0.44554455445544555,4485.7001953125,35.18145875900245,-11.237689752245387,4511.006366441234,4523.162021484375,0.04640151515151515,1,True,False,,risk_limit_open_trades_reached: 3 >= 3,1,0.01,300,600,True,0.0,False,0,0,0,-1,-0.07
2026-06-03T07:51:25.423537+00:00,XAUUSDm,SELL,0.57,0.48514851485148514,4484.2998046875,34.72833120021184,-11.349401824894812,4510.87299590552,4523.134013671875,0.04640151515151515,1,True,False,,risk_limit_open_trades_reached: 3 >= 3,1,0.01,300,600,True,0.0,False,0,0,0,-1,-0.07
2026-06-03T07:51:42.229940+00:00,XAUUSDm,SELL,0.57,0.5247524752475248,4484.39990234375,34.76033232676389,-11.341416826675413,4510.882529015638,4523.136015625,0.04640151515151515,1,True,False,,risk_limit_open_trades_reached: 3 >= 3,1,0.01,300,600,True,0.0,False,0,0,0,-1,-0.07
2026-06-03T07:51:58.896550+00:00,XAUUSDm,SELL,0.57,0.5247524752475248,4484.2001953125,34.6965446146267,-11.357347871903585,4510.863509298377,4523.132021484375,0.04640151515151515,1,True,False,,risk_limit_open_trades_reached: 3 >= 3,1,0.01,300,600,True,0.0,False,0,0,0,-1,-0.07
2026-06-03T07:52:16.150263+00:00,XAUUSDm,SELL,0.57,0.5148514851485149,4484.7998046875,34.88877137216882,-11.309515785008443,4510.920614953138,4523.144013671875,0.04640151515151515,1,True,True,10009,,1,0.01,47244,125984,True,0.0,True,0,0,0,-1,-0.07
2026-06-03T07:52:32.802242+00:00,XAUUSDm,SELL,0.57,0.48514851485148514,4484.5,34.79239248388767,-11.333431828456014,4510.892062125758,4523.138017578125,0.04640151515151515,1,True,False,,risk_limit_open_trades_reached: 3 >= 3,1,0.01,300,600,True,0.0,False,0,0,0,-1,-0.07
2026-06-03T07:52:49.612787+00:00,XAUUSDm,SELL,0.57,0.49504950495049505,4484.60009765625,34.82451183506923,-11.325446830236615,4510.901595235877,4523.14001953125,0.04640151515151515,1,True,False,,risk_limit_open_trades_reached: 3 >= 3,1,0.01,300,600,True,0.0,False,0,0,0,-1,-0.07
2026-06-03T07:53:06.185819+00:00,XAUUSDm,SELL,0.57,0.49504950495049505,4485.0,34.953426482958434,-11.293545788570555,4510.939681173377,4523.148017578125,0.04640151515151515,1,True,False,,risk_limit_open_trades_reached: 3 >= 3,1,0.01,300,600,True,0.0,False,0,0,0,-1,-0.07
2026-06-03T07:53:22.846313+00:00,XAUUSDm,SELL,0.57,0.46534653465346537,4485.7001953125,35.18145875900245,-11.237689752245387,4511.006366441234,4523.162021484375,0.04640151515151515,1,True,False,,risk_limit_open_trades_reached: 3 >= 3,1,0.01,300,600,True,0.0,False,0,0,0,-1,-0.07
2026-06-03T07:53:39.475947+00:00,XAUUSDm,SELL,0.57,0.504950495049505,4487.0,35.61275034036473,-11.134001629025988,4511.130157363853,4523.188017578125,0.04640151515151515,1,True,False,,risk_limit_open_trades_reached: 3 >= 3,1,0.01,300,600,True,0.0,False,0,0,0,-1,-0.07
2026-06-03T07:53:56.179237+00:00,XAUUSDm,SELL,0.57,0.49504950495049505,4486.7998046875,35.545635397405405,-11.149971625463877,4511.111091143614,4523.184013671875,0.04640151515151515,1,True,False,,risk_limit_open_trades_reached: 3 >= 3,1,0.01,300,600,True,0.0,False,0,0,0,-1,-0.07
2026-06-03T07:54:12.969107+00:00,XAUUSDm,SELL,0.57,0.48514851485148514,4487.7998046875,35.88343082388867,-11.070199545692958,4511.206329238853,4523.204013671875,0.04640151515151515,1,True,False,,risk_limit_open_trades_reached: 3 >= 3,1,0.01,300,600,True,0.0,False,0,0,0,-1,-0.07
2026-06-03T07:54:29.533221+00:00,XAUUSDm,SELL,0.57,0.48514851485148514,4487.10009765625,35.64640294318768,-11.126016630806589,4511.139690473972,4523.19001953125,0.04640151515151515,1,True,False,,risk_limit_open_trades_reached: 3 >= 3,1,0.01,300,600,True,0.0,False,0,0,0,-1,-0.07
2026-06-03T07:54:46.202350+00:00,XAUUSDm,SELL,0.57,0.5445544554455446,4486.89990234375,35.57916121825441,-11.141986627245387,4511.120624253734,4523.186015625,0.04640151515151515,1,True,False,,risk_limit_open_trades_reached: 3 >= 3,1,0.01,300,600,True,0.0,False,0,0,0,-1,-0.07
2026-06-03T07:55:02.795428+00:00,XAUUSDm,SELL,0.57,0.49504950495049505,4486.89990234375,35.57916121825441,-11.141986627245387,4511.120624253734,4523.186015625,0.04640151515151515,1,True,False,,risk_limit_open_trades_reached: 3 >= 3,1,0.01,300,600,True,0.0,False,0,0,0,-1,-0.07
2026-06-03T07:55:19.902708+00:00,XAUUSDm,SELL,0.57,0.43564356435643564,4487.10009765625,35.64640294318768,-11.126016630806589,4511.139690473972,4523.19001953125,0.04640151515151515,1,True,False,,risk_limit_open_trades_reached: 3 >= 3,1,0.01,300,600,True,0.0,False,0,0,0,-1,-0.07
2026-06-03T07:55:36.721876+00:00,XAUUSDm,SELL,0.57,0.48514851485148514,4487.39990234375,35.747578191653744,-11.102100587359018,4511.168243301353,4523.196015625,0.04640151515151515,1,True,False,,risk_limit_open_trades_reached: 3 >= 3,1,0.01,300,600,True,0.0,False,0,0,0,-1,-0.07
2026-06-03T07:55:53.395994+00:00,XAUUSDm,SELL,0.57,0.5148514851485149,4486.7998046875,35.545635397405405,-11.149971625463877,4511.111091143614,4523.184013671875,0.04640151515151515,1,True,False,,risk_limit_open_trades_reached: 3 >= 3,1,0.01,300,600,True,0.0,False,0,0,0,-1,-0.07
2026-06-03T07:56:09.862194+00:00,XAUUSDm,SELL,0.57,0.5148514851485149,4486.7001953125,35.51233577879847,-11.157917672473559,4511.101604536472,4523.182021484375,0.04640151515151515,1,True,False,,risk_limit_open_trades_reached: 3 >= 3,1,0.01,300,600,True,0.0,False,0,0,0,-1,-0.07
2026-06-03T07:56:26.526860+00:00,XAUUSDm,SELL,0.57,0.5148514851485149,4486.10009765625,35.3130346613715,-11.205788710578418,4511.044452378734,4523.17001953125,0.04640151515151515,1,True,False,,risk_limit_open_trades_reached: 3 >= 3,1,0.01,300,600,True,0.0,False,0,0,0,-1,-0.07
2026-06-03T07:56:43.839726+00:00,XAUUSDm,SELL,0.57,0.5148514851485149,4485.89990234375,35.247043592201706,-11.221758707017216,4511.025386158495,4523.166015625,0.04640151515151515,1,True,False,,risk_limit_open_trades_reached: 3 >= 3,1,0.01,300,600,True,0.0,False,0,0,0,-1,-0.07
2026-06-03T07:57:00.636996+00:00,XAUUSDm,SELL,0.57,0.504950495049505,4484.60009765625,34.82451183506923,-11.325446830236615,4510.901595235877,4523.14001953125,0.03821969696969697,1,True,False,,risk_limit_open_trades_reached: 3 >= 3,1,0.01,300,600,True,0.0,False,0,0,0,-1,-0.07
2026-06-03T07:57:17.371298+00:00,XAUUSDm,SELL,0.57,0.5247524752475248,4485.39990234375,35.083299119052924,-11.261644746903585,4510.977767110877,4523.156015625,0.03821969696969697,1,True,False,,risk_limit_open_trades_reached: 3 >= 3,1,0.01,300,600,True,0.0,False,0,0,0,-1,-0.07
2026-06-03T07:57:33.925448+00:00,XAUUSDm,SELL,0.57,0.49504950495049505,4486.39990234375,35.41232372368053,-11.181872667130847,4511.073005206114,4523.176015625,0.03821969696969697,1,True,False,,risk_limit_open_trades_reached: 3 >= 3,1,0.01,300,600,True,0.0,False,0,0,0,-1,-0.07
2026-06-03T07:57:50.538983+00:00,XAUUSDm,SELL,0.57,0.5148514851485149,4487.2001953125,35.680119206853604,-11.11803163258719,4511.149223584091,4523.192021484375,0.03821969696969697,1,True,False,,risk_limit_open_trades_reached: 3 >= 3,1,0.01,300,600,True,0.0,False,0,0,0,-1,-0.07
2026-06-03T07:58:07.086931+00:00,XAUUSDm,SELL,0.57,0.49504950495049505,4487.2998046875,35.71373437592888,-11.110085585578418,4511.158710191234,4523.194013671875,0.03821969696969697,1,True,False,,risk_limit_open_trades_reached: 3 >= 3,1,0.01,300,600,True,0.0,False,0,0,0,-1,-0.07
2026-06-03T07:58:23.773042+00:00,XAUUSDm,SELL,0.57,0.45544554455445546,4487.89990234375,35.91759718034726,-11.062214547473559,4511.215862348972,4523.206015625,0.03821969696969697,1,True,False,,risk_limit_open_trades_reached: 3 >= 3,1,0.01,300,600,True,0.0,False,0,0,0,-1,-0.07
2026-06-03T07:58:40.560085+00:00,XAUUSDm,SELL,0.57,0.48514851485148514,4487.60009765625,35.815458619326506,-11.08613059092113,4511.187309521591,4523.20001953125,0.03821969696969697,1,True,False,,risk_limit_open_trades_reached: 3 >= 3,1,0.01,300,600,True,0.0,False,0,0,0,-1,-0.07
2026-06-03T07:58:57.042886+00:00,XAUUSDm,SELL,0.57,0.49504950495049505,4487.89990234375,35.91759718034726,-11.062214547473559,4511.215862348972,4523.206015625,0.03821969696969697,1,True,False,,risk_limit_open_trades_reached: 3 >= 3,1,0.01,300,600,True,0.0,False,0,0,0,-1,-0.07
2026-06-03T07:59:14.260808+00:00,XAUUSDm,SELL,0.57,0.5346534653465347,4487.7001953125,35.849495597719525,-11.078145592700821,4511.19684263171,4523.202021484375,0.03821969696969697,1,True,False,,risk_limit_open_trades_reached: 3 >= 3,1,0.01,300,600,True,0.0,False,0,0,0,-1,-0.07
2026-06-03T07:59:30.967497+00:00,XAUUSDm,SELL,0.57,0.4752475247524752,4487.89990234375,35.91759718034726,-11.062214547473559,4511.215862348972,4523.206015625,0.03821969696969697,1,True,False,,risk_limit_open_trades_reached: 3 >= 3,1,0.01,300,600,True,0.0,False,0,0,0,-1,-0.07
2026-06-03T07:59:47.978841+00:00,XAUUSDm,SELL,0.57,0.5247524752475248,4488.10009765625,35.986125454350415,-11.046244551033851,4511.23492856921,4523.21001953125,0.03821969696969697,1,True,False,,risk_limit_open_trades_reached: 3 >= 3,1,0.01,300,600,True,0.0,False,0,0,0,-1,-0.07
2026-06-03T08:00:04.566520+00:00,XAUUSDm,SELL,0.57,0.48514851485148514,4487.39990234375,35.747578191653744,-11.102100587359018,4511.168243301353,4523.196015625,0.03821969696969697,1,True,False,,risk_limit_open_trades_reached: 3 >= 3,1,0.01,300,600,True,0.0,False,0,0,0,-1,-0.07
2026-06-03T08:00:21.283581+00:00,XAUUSDm,SELL,0.57,0.504950495049505,4487.60009765625,35.815458619326506,-11.08613059092113,4511.187309521591,4523.20001953125,0.03821969696969697,1,True,False,,risk_limit_open_trades_reached: 3 >= 3,1,0.01,300,600,True,0.0,False,0,0,0,-1,-0.07
2026-06-03T08:00:37.906822+00:00,XAUUSDm,SELL,0.57,0.49504950495049505,4488.5,36.12380074473946,-11.01434350936779,4511.27301450671,4523.218017578125,0.03821969696969697,1,True,False,,risk_limit_open_trades_reached: 3 >= 3,1,0.01,300,600,True,0.0,False,0,0,0,-1,-0.07
2026-06-03T08:00:54.705733+00:00,XAUUSDm,SELL,0.57,0.504950495049505,4488.2998046875,36.054747621483955,-11.030313505806589,4511.253948286472,4523.214013671875,0.03821969696969697,1,True,False,,risk_limit_open_trades_reached: 3 >= 3,1,0.01,300,600,True,0.0,False,0,0,0,-1,-0.07
2026-06-03T08:01:11.459948+00:00,XAUUSDm,SELL,0.57,0.5445544554455446,4488.60009765625,36.15842659088764,-11.006358511148392,4511.282547616829,4523.22001953125,0.03821969696969697,1,True,False,,risk_limit_open_trades_reached: 3 >= 3,1,0.01,300,600,True,0.0,False,0,0,0,-1,-0.07
2026-06-03T08:01:28.166052+00:00,XAUUSDm,SELL,0.57,0.49504950495049505,4488.5,36.12380074473946,-11.01434350936779,4511.27301450671,4523.218017578125,0.03821969696969697,1,True,False,,risk_limit_open_trades_reached: 3 >= 3,1,0.01,300,600,True,0.0,False,0,0,0,-1,-0.07
2026-06-03T08:01:45.080032+00:00,XAUUSDm,SELL,0.57,0.48514851485148514,4489.2998046875,36.4023359921596,-10.950541426033851,4511.34918638171,4523.234013671875,0.03821969696969697,1,True,False,,risk_limit_open_trades_reached: 3 >= 3,1,0.01,300,600,True,0.0,False,0,0,0,-1,-0.07
2026-06-03T08:02:01.585674+00:00,XAUUSDm,SELL,0.57,0.5643564356435643,4488.7001953125,36.193118880739505,-10.998373512928993,4511.292080726948,4523.222021484375,0.020627705627705627,1,True,False,,risk_limit_open_trades_reached: 3 >= 3,1,0.01,300,600,True,0.0,False,0,0,0,-1,-0.07
2026-06-03T08:02:18.210317+00:00,XAUUSDm,SELL,0.57,0.49504950495049505,4489.2998046875,36.4023359921596,-10.950541426033851,4511.34918638171,4523.234013671875,0.020627705627705627,1,True,False,,risk_limit_open_trades_reached: 3 >= 3,1,0.01,300,600,True,0.0,False,0,0,0,-1,-0.07
2026-06-03T08:47:17.508010+00:00,XAUUSDm,SELL,0.57,0.5247524752475248,4485.0,35.60314643307875,-12.170235942450745,4508.043480850796,4521.84001953125,0.035356872294372295,1,True,False,,risk_limit_open_trades_reached: 3 >= 3,1,0.01,300,600,True,0.0,False,0,0,0,-1,-0.07
2026-06-03T08:47:34.833491+00:00,XAUUSDm,SELL,0.57,0.504950495049505,4484.5,35.290756393318304,-12.210121982337114,4507.995861803177,4521.83001953125,0.035356872294372295,1,True,True,10009,,1,0.01,46077,122872,True,0.0,True,0,0,0,-1,-0.07
2026-06-03T08:47:51.562899+00:00,XAUUSDm,SELL,0.57,0.44554455445544555,4484.60009765625,35.3535378224193,-12.202136984116805,4508.005394913296,4521.832021484375,0.035356872294372295,1,True,True,10009,,1,0.01,46077,122872,True,0.0,True,0,0,0,-1,-0.07
2026-06-03T08:48:08.095364+00:00,XAUUSDm,SELL,0.57,0.48514851485148514,4484.7998046875,35.47843115083879,-12.186205938889543,4508.024414630558,4521.836015625,0.035356872294372295,1,True,False,,risk_limit_open_trades_reached: 3 >= 3,1,0.01,300,600,True,0.0,False,0,0,0,-1,-0.07
2026-06-03T08:48:25.060624+00:00,XAUUSDm,SELL,0.57,0.49504950495049505,4483.60009765625,34.72081177940716,-12.281909063889543,4507.910156818058,4521.812021484375,0.035356872294372295,1,True,False,,risk_limit_open_trades_reached: 3 >= 3,1,0.01,300,600,True,0.0,False,0,0,0,-1,-0.07
2026-06-03T08:48:41.628481+00:00,XAUUSDm,SELL,0.57,0.5247524752475248,4484.7998046875,35.47843115083879,-12.186205938889543,4508.024414630558,4521.836015625,0.035356872294372295,1,True,False,,risk_limit_open_trades_reached: 3 >= 3,1,0.01,300,600,True,0.0,False,0,0,0,-1,-0.07
2026-06-03T08:48:58.090589+00:00,XAUUSDm,SELL,0.57,0.44554455445544555,4485.0,35.60314643307875,-12.170235942450745,4508.043480850796,4521.84001953125,0.035356872294372295,1,True,False,,risk_limit_open_trades_reached: 3 >= 3,1,0.01,300,600,True,0.0,False,0,0,0,-1,-0.07
2026-06-03T08:49:31.029868+00:00,XAUUSDm,SELL,0.57,0.45544554455445546,4484.7001953125,35.416197547502605,-12.194151985897406,4508.0149280234145,4521.8340234375,0.035356872294372295,1,True,False,,risk_limit_open_trades_reached: 3 >= 3,1,0.01,300,600,True,0.0,False,0,0,0,-1,-0.07
2026-06-03T08:49:47.251982+00:00,XAUUSDm,SELL,0.57,0.42574257425742573,4484.2998046875,35.16482700198847,-12.226091978775003,4507.976795582939,4521.826015625,0.035356872294372295,1,True,False,,risk_limit_open_trades_reached: 3 >= 3,1,0.01,300,600,True,0.0,False,0,0,0,-1,-0.07
2026-06-03T08:50:03.752017+00:00,XAUUSDm,SELL,0.57,0.4158415841584158,4484.2998046875,35.16482700198847,-12.226091978775003,4507.976795582939,4521.826015625,0.035356872294372295,1,True,False,,risk_limit_open_trades_reached: 3 >= 3,1,0.01,300,600,True,0.0,False,0,0,0,-1,-0.07
2026-06-03T08:50:20.501016+00:00,XAUUSDm,SELL,0.57,0.48514851485148514,4484.5,35.290756393318304,-12.210121982337114,4507.995861803177,4521.83001953125,0.035356872294372295,1,True,False,,risk_limit_open_trades_reached: 3 >= 3,1,0.01,300,600,True,0.0,False,0,0,0,-1,-0.07
2026-06-03T08:50:36.931926+00:00,XAUUSDm,SELL,0.71,0.4752475247524752,4483.89990234375,34.91180221228997,-12.257993020441972,4507.938709645439,4521.818017578125,0.035356872294372295,0,True,False,,risk_limit_open_trades_reached: 3 >= 3,1,0.01,300,600,True,0.0,False,0,0,0,-1,-0.21
2026-06-03T08:54:20.146964+00:00,XAUUSDm,SELL,0.71,0.5148514851485149,4485.2998046875,35.78901613136445,-12.146319899004084,4508.072033678177,4521.846015625,0.035356872294372295,0,True,False,,"(-6, 'Terminal: Authorization failed')",1,0.01,300,600,True,0.0,True,0,0,0,-1,-0.21
2026-06-03T08:54:37.406076+00:00,XAUUSDm,SELL,0.57,0.4752475247524752,4484.7001953125,35.416197547502605,-12.194151985897406,4508.0149280234145,4521.8340234375,0.035356872294372295,1,True,False,,risk_limit_open_trades_reached: 3 >= 3,1,0.01,300,600,True,0.0,False,0,0,0,-1,-0.07
2026-06-03T08:54:55.784004+00:00,XAUUSDm,SELL,0.57,0.48514851485148514,4484.5,35.290756393318304,-12.210121982337114,4507.995861803177,4521.83001953125,0.035356872294372295,1,True,False,,risk_limit_open_trades_reached: 3 >= 3,1,0.01,300,600,True,0.0,False,0,0,0,-1,-0.07
2026-06-03T08:55:14.514240+00:00,XAUUSDm,SELL,0.57,0.43564356435643564,4485.0,35.60314643307875,-12.170235942450745,4508.043480850796,4521.84001953125,0.035356872294372295,1,True,True,10009,,1,0.01,46077,122872,True,0.0,True,0,0,0,-1,-0.07
2026-06-03T08:55:32.627857+00:00,XAUUSDm,SELL,0.57,0.49504950495049505,4486.10009765625,36.27995857240194,-12.082478864459517,4508.148252056153,4521.862021484375,0.035356872294372295,1,True,False,,risk_limit_open_trades_reached: 3 >= 3,1,0.01,300,600,True,0.0,False,0,0,0,-1,-0.07
2026-06-03T08:55:50.453559+00:00,XAUUSDm,SELL,0.57,0.46534653465346537,4483.5,34.656794783550254,-12.289894062108942,4507.900623707939,4521.81001953125,0.035356872294372295,1,True,False,,risk_limit_open_trades_reached: 3 >= 3,1,0.01,300,600,True,0.0,False,0,0,0,-1,-0.07
2026-06-03T08:56:08.019147+00:00,XAUUSDm,SELL,0.57,0.5247524752475248,4483.2998046875,34.528383376350206,-12.30586405854774,4507.881557487701,4521.806015625,0.035356872294372295,1,True,False,,risk_limit_open_trades_reached: 3 >= 3,1,0.01,300,600,True,0.0,False,0,0,0,-1,-0.07
2026-06-03T08:56:27.372604+00:00,XAUUSDm,SELL,0.57,0.45544554455445546,4483.2998046875,34.528383376350206,-12.30586405854774,4507.881557487701,4521.806015625,0.035356872294372295,1,True,False,,risk_limit_open_trades_reached: 3 >= 3,1,0.01,300,600,True,0.0,False,0,0,0,-1,-0.07
2026-06-03T08:56:45.103786+00:00,XAUUSDm,SELL,0.57,0.46534653465346537,4483.7998046875,34.84815944620303,-12.265978018661372,4507.92917653532,4521.816015625,0.035356872294372295,1,True,False,,risk_limit_open_trades_reached: 3 >= 3,1,0.01,300,600,True,0.0,False,0,0,0,-1,-0.07
2026-06-03T08:57:02.682478+00:00,XAUUSDm,SELL,0.57,0.504950495049505,4484.10009765625,35.038715459914286,-12.242023024004084,4507.957775865677,4521.822021484375,0.035356872294372295,1,True,False,,risk_limit_open_trades_reached: 3 >= 3,1,0.01,300,600,True,0.0,False,0,0,0,-1,-0.07
2026-06-03T08:57:21.694639+00:00,XAUUSDm,SELL,0.57,0.504950495049505,4483.7001953125,34.78470346262672,-12.273924065670144,4507.919689928177,4521.8140234375,0.035356872294372295,1,True,False,,risk_limit_open_trades_reached: 3 >= 3,1,0.01,300,600,True,0.0,False,0,0,0,-1,-0.07
2026-06-03T08:57:39.193298+00:00,XAUUSDm,SELL,0.57,0.48514851485148514,4484.89990234375,35.540849116547506,-12.178220940670144,4508.033947740677,4521.838017578125,0.035356872294372295,1,True,False,,risk_limit_open_trades_reached: 3 >= 3,1,0.01,300,600,True,0.0,False,0,0,0,-1,-0.07
2026-06-03T08:57:56.925924+00:00,XAUUSDm,SELL,0.57,0.48514851485148514,4484.5,35.290756393318304,-12.210121982337114,4507.995861803177,4521.83001953125,0.035356872294372295,1,True,False,,risk_limit_open_trades_reached: 3 >= 3,1,0.01,300,600,True,0.0,False,0,0,0,-1,-0.07
2026-06-03T08:58:15.556244+00:00,XAUUSDm,SELL,0.57,0.504950495049505,4484.0,34.97532076242483,-12.250008022222573,4507.948242755558,4521.82001953125,0.035356872294372295,1,True,False,,risk_limit_open_trades_reached: 3 >= 3,1,0.01,300,600,True,0.0,False,0,0,0,-1,-0.07
2026-06-03T08:58:34.489011+00:00,XAUUSDm,SELL,0.57,0.49504950495049505,4483.39990234375,34.59265210602506,-12.297879060327432,4507.89109059782,4521.808017578125,0.035356872294372295,1,True,False,,risk_limit_open_trades_reached: 3 >= 3,1,0.01,300,600,True,0.0,False,0,0,0,-1,-0.07
2026-06-03T08:58:52.524582+00:00,XAUUSDm,SELL,0.71,0.43564356435643564,4483.7001953125,34.78470346262672,-12.273924065670144,4507.919689928177,4521.8140234375,0.035356872294372295,0,True,False,,risk_limit_open_trades_reached: 3 >= 3,1,0.01,300,600,True,0.0,False,0,0,0,-1,-0.21
2026-06-03T08:59:10.474660+00:00,XAUUSDm,SELL,0.57,0.5247524752475248,4483.0,34.335132818556616,-12.329780101994402,4507.85300466032,4521.80001953125,0.035356872294372295,1,True,False,,risk_limit_open_trades_reached: 3 >= 3,1,0.01,300,600,True,0.0,False,0,0,0,-1,-0.07
2026-06-03T08:59:29.262307+00:00,XAUUSDm,SELL,0.57,0.4158415841584158,4482.89990234375,34.2703567693152,-12.33776510021471,4507.843471550201,4521.798017578125,0.035356872294372295,1,True,False,,risk_limit_open_trades_reached: 3 >= 3,1,0.01,300,600,True,0.0,False,0,0,0,-1,-0.07
2026-06-03T08:59:47.141484+00:00,XAUUSDm,SELL,0.57,0.5148514851485149,4482.7998046875,34.20545279535651,-12.34575009843411,4507.8339384400815,4521.796015625,0.035356872294372295,1,True,False,,risk_limit_open_trades_reached: 3 >= 3,1,0.01,300,600,True,0.0,False,0,0,0,-1,-0.07
2026-06-03T09:00:05.333952+00:00,XAUUSDm,SELL,0.57,0.5148514851485149,4482.39990234375,33.94486947746407,-12.37765114010017,4507.7958525025815,4521.788017578125,0.035356872294372295,1,True,False,,risk_limit_open_trades_reached: 3 >= 3,1,0.01,300,600,True,0.0,False,0,0,0,-1,-0.07
2026-06-03T09:00:24.685664+00:00,XAUUSDm,SELL,0.57,0.48514851485148514,4483.2001953125,34.46430265273749,-12.313810105556513,4507.872070880558,4521.8040234375,0.035356872294372295,1,True,False,,risk_limit_open_trades_reached: 3 >= 3,1,0.01,300,600,True,0.0,False,0,0,0,-1,-0.07
2026-06-03T09:00:42.230895+00:00,XAUUSDm,SELL,0.57,0.49504950495049505,4482.60009765625,34.07557772578106,-12.361681143661372,4507.81491872282,4521.792021484375,0.035356872294372295,1,True,False,,risk_limit_open_trades_reached: 3 >= 3,1,0.01,300,600,True,0.0,False,0,0,0,-1,-0.07
2026-06-03T09:00:59.660292+00:00,XAUUSDm,SELL,0.57,0.504950495049505,4482.39990234375,33.94486947746407,-12.37765114010017,4507.7958525025815,4521.788017578125,0.035356872294372295,1,True,False,,risk_limit_open_trades_reached: 3 >= 3,1,0.01,300,600,True,0.0,False,0,0,0,-1,-0.07
2026-06-03T09:01:17.599762+00:00,XAUUSDm,SELL,0.57,0.504950495049505,4481.89990234375,33.61614257566352,-12.417537179986539,4507.748233454962,4521.778017578125,0.035356872294372295,1,True,False,,risk_limit_open_trades_reached: 3 >= 3,1,0.01,300,600,True,0.0,False,0,0,0,-1,-0.07
2026-06-03T09:01:35.045366+00:00,XAUUSDm,SELL,0.91,0.48514851485148514,4480.7998046875,33.15259695581203,-12.505294257977766,4507.643462249605,4521.756015625,0.035356872294372295,1,True,False,,risk_limit_open_trades_reached: 3 >= 3,1,0.01,300,600,True,0.0,False,-1,0,0,-1,-0.41
2026-06-03T09:01:53.436470+00:00,XAUUSDm,SELL,0.91,0.49504950495049505,4473.0,30.77528350535664,-13.127500899715415,4506.900623707939,4521.60001953125,0.035356872294372295,1,True,False,,risk_limit_open_trades_reached: 3 >= 3,1,0.01,300,600,True,0.0,False,-1,0,0,-1,-0.41
2026-06-03T09:02:11.351291+00:00,XAUUSDm,SELL,0.91,0.4752475247524752,4474.7001953125,31.26396744934938,-12.991872783619328,4507.062547071034,4521.6340234375,0.035356872294372295,1,True,False,,risk_limit_open_trades_reached: 3 >= 3,1,0.01,300,600,True,0.0,False,-1,0,0,-1,-0.41
2026-06-03T09:02:29.208339+00:00,XAUUSDm,SELL,0.91,0.44554455445544555,4474.10009765625,31.089720197450305,-13.039743821724187,4507.005394913296,4521.622021484375,0.035356872294372295,1,True,False,,risk_limit_open_trades_reached: 3 >= 3,1,0.01,300,600,True,0.0,False,-1,0,0,-1,-0.41
2026-06-03T09:02:46.614963+00:00,XAUUSDm,SELL,0.91,0.42574257425742573,4474.2001953125,31.11864994027411,-13.031758823504788,4507.0149280234145,4521.6240234375,0.035356872294372295,1,True,False,,risk_limit_open_trades_reached: 3 >= 3,1,0.01,300,600,True,0.0,False,-1,0,0,-1,-0.41
2026-06-03T09:03:04.167316+00:00,XAUUSDm,SELL,0.95,0.49504950495049505,4474.2998046875,31.147492058291846,-13.023812776496925,4507.024414630558,4521.626015625,0.035356872294372295,0,True,False,,risk_limit_open_trades_reached: 3 >= 3,1,0.01,300,600,True,0.0,False,-1,0,0,-1,-0.55
2026-06-03T09:03:23.524108+00:00,XAUUSDm,SELL,0.91,0.44554455445544555,4474.60009765625,31.234767010872872,-12.999857781837818,4507.0530139609145,4521.632021484375,0.035356872294372295,1,True,False,,risk_limit_open_trades_reached: 3 >= 3,1,0.01,300,600,True,0.0,False,-1,0,0,-1,-0.41
2026-06-03T09:03:41.312486+00:00,XAUUSDm,SELL,0.91,0.48514851485148514,4474.89990234375,31.32238931643539,-12.975941738390247,4507.081566788296,4521.638017578125,0.035356872294372295,1,True,False,,risk_limit_open_trades_reached: 3 >= 3,1,0.01,300,600,True,0.0,False,-1,0,0,-1,-0.41
2026-06-03T09:03:59.304575+00:00,XAUUSDm,SELL,0.91,0.49504950495049505,4475.2001953125,31.410648530038443,-12.95198674373296,4507.110166118653,4521.6440234375,0.035356872294372295,1,True,False,,risk_limit_open_trades_reached: 3 >= 3,1,0.01,300,600,True,0.0,False,-1,0,0,-1,-0.41
2026-06-03T09:04:16.924028+00:00,XAUUSDm,SELL,0.91,0.4752475247524752,4475.5,31.49926180791691,-12.928070700285389,4507.138718946034,4521.65001953125,0.035356872294372295,1,True,False,,risk_limit_open_trades_reached: 3 >= 3,1,0.01,300,600,True,0.0,False,-1,0,0,-1,-0.41
2026-06-03T09:04:35.103597+00:00,XAUUSDm,SELL,0.95,0.48514851485148514,4476.39990234375,31.76827432422283,-12.85628361873296,4507.224423931153,4521.668017578125,0.035356872294372295,0,True,False,,risk_limit_open_trades_reached: 3 >= 3,1,0.01,300,600,True,0.0,False,-1,0,0,-1,-0.55
2026-06-03T09:04:53.089882+00:00,XAUUSDm,SELL,0.91,0.48514851485148514,4474.89990234375,31.32238931643539,-12.975941738390247,4507.081566788296,4521.638017578125,0.030356872294372294,1,True,False,,risk_limit_open_trades_reached: 3 >= 3,1,0.01,300,600,True,0.0,False,-1,0,0,-1,-0.41
2026-06-03T09:05:10.747746+00:00,XAUUSDm,SELL,0.91,0.45544554455445546,4473.0,30.77528350535664,-13.127500899715415,4506.900623707939,4521.60001953125,0.030356872294372294,1,True,False,,risk_limit_open_trades_reached: 3 >= 3,1,0.01,300,600,True,0.0,False,-1,0,0,-1,-0.41
2026-06-03T09:05:28.654801+00:00,XAUUSDm,SELL,0.91,0.45544554455445546,4472.7001953125,30.690691317812508,-13.151416943162985,4506.872070880558,4521.5940234375,0.030356872294372294,1,True,False,,risk_limit_open_trades_reached: 3 >= 3,1,0.01,300,600,True,0.0,False,-1,0,0,-1,-0.41
2026-06-03T09:05:46.823083+00:00,XAUUSDm,SELL,0.91,0.48514851485148514,4472.0,30.494925640004965,-13.207272979487243,4506.805385612701,4521.58001953125,0.030356872294372294,1,True,False,,risk_limit_open_trades_reached: 3 >= 3,1,0.01,300,600,True,0.0,False,-1,0,0,-1,-0.41
2026-06-03T09:06:06.375944+00:00,XAUUSDm,SELL,0.91,0.49504950495049505,4472.2001953125,30.550642281716847,-13.191302983049354,4506.824451832939,4521.5840234375,0.030356872294372294,1,True,False,,risk_limit_open_trades_reached: 3 >= 3,1,0.01,300,600,True,0.0,False,-1,0,0,-1,-0.41
2026-06-03T09:06:24.297051+00:00,XAUUSDm,SELL,0.91,0.4158415841584158,4472.7998046875,30.718745231850605,-13.143470896154213,4506.881557487701,4521.596015625,0.030356872294372294,1,True,False,,risk_limit_open_trades_reached: 3 >= 3,1,0.01,300,600,True,0.0,False,-1,0,0,-1,-0.41
2026-06-03T09:06:42.576659+00:00,XAUUSDm,SELL,0.91,0.48514851485148514,4471.2001953125,30.27434399627252,-13.271075062820273,4506.729213737701,4521.5640234375,0.030356872294372294,1,True,False,,risk_limit_open_trades_reached: 3 >= 3,1,0.01,300,600,True,0.0,False,-1,0,0,-1,-0.41
2026-06-03T09:07:00.431764+00:00,XAUUSDm,SELL,0.91,0.5247524752475248,4473.0,30.77528350535664,-13.127500899715415,4506.900623707939,4521.60001953125,0.030356872294372294,1,True,False,,risk_limit_open_trades_reached: 3 >= 3,1,0.01,300,600,True,0.0,False,-1,0,0,-1,-0.41
2026-06-03T09:07:18.627815+00:00,XAUUSDm,SELL,0.91,0.49504950495049505,4472.5,30.63446314731469,-13.167386939601784,4506.85300466032,4521.59001953125,0.030356872294372294,1,True,False,,risk_limit_open_trades_reached: 3 >= 3,1,0.01,300,600,True,0.0,False,-1,0,0,-1,-0.41
2026-06-03T09:07:36.896894+00:00,XAUUSDm,SELL,0.91,0.48514851485148514,4474.0,31.06084419427677,-13.047728819943586,4506.995861803177,4521.62001953125,0.030356872294372294,1,True,False,,risk_limit_open_trades_reached: 3 >= 3,1,0.01,300,600,True,0.0,False,-1,0,0,-1,-0.41
2026-06-03T09:07:54.825724+00:00,XAUUSDm,SELL,0.91,0.45544554455445546,4473.2998046875,30.86034330154068,-13.103584856267844,4506.92917653532,4521.606015625,0.030356872294372294,1,True,False,,risk_limit_open_trades_reached: 3 >= 3,1,0.01,300,600,True,0.0,False,-1,0,0,-1,-0.41
2026-06-03T09:08:13.254916+00:00,XAUUSDm,SELL,0.91,0.44554455445544555,4469.60009765625,29.842487600334337,-13.39871818069787,4506.576823484725,4521.532021484375,0.030356872294372294,1,True,False,,risk_limit_open_trades_reached: 3 >= 3,1,0.01,300,600,True,0.0,False,-1,0,0,-1,-0.41
2026-06-03T09:08:30.976581+00:00,XAUUSDm,SELL,0.91,0.43564356435643564,4469.7998046875,29.89571317995282,-13.382787135470608,4506.595843201986,4521.536015625,0.030356872294372294,1,True,False,,risk_limit_open_trades_reached: 3 >= 3,1,0.01,300,600,True,0.0,False,-1,0,0,-1,-0.41
2026-06-03T09:08:48.912317+00:00,XAUUSDm,SELL,0.91,0.4158415841584158,4471.0,30.219629691213072,-13.287045059259981,4506.710147517462,4521.56001953125,0.030356872294372294,1,True,False,,risk_limit_open_trades_reached: 3 >= 3,1,0.01,300,600,True,0.0,False,-1,0,0,-1,-0.41
2026-06-03T09:09:06.861234+00:00,XAUUSDm,SELL,0.91,0.44554455445544555,4470.60009765625,30.11092450079299,-13.31894610092695,4506.672061579962,4521.552021484375,0.030356872294372294,1,True,False,,risk_limit_open_trades_reached: 3 >= 3,1,0.01,300,600,True,0.0,False,-1,0,0,-1,-0.41
2026-06-03T09:09:24.826486+00:00,XAUUSDm,SELL,0.91,0.5445544554455446,4471.7001953125,30.4118655947303,-13.231189022934814,4506.77683278532,4521.5740234375,0.030356872294372294,1,True,False,,risk_limit_open_trades_reached: 3 >= 3,1,0.01,300,600,True,0.0,False,-1,0,0,-1,-0.41
2026-06-03T09:09:43.485963+00:00,XAUUSDm,SELL,0.91,0.46534653465346537,4471.5,30.356653533067757,-13.247159019374521,4506.7577665650815,4521.57001953125,0.030356872294372294,1,True,False,,risk_limit_open_trades_reached: 3 >= 3,1,0.01,300,600,True,0.0,False,-1,0,0,-1,-0.41
2026-06-03T09:10:01.422996+00:00,XAUUSDm,SELL,0.91,0.45544554455445546,4472.2001953125,30.550642281716847,-13.191302983049354,4506.824451832939,4521.5840234375,0.030356872294372294,1,True,False,,risk_limit_open_trades_reached: 3 >= 3,1,0.01,300,600,True,0.0,False,-1,0,0,-1,-0.41
2026-06-03T09:10:19.646644+00:00,XAUUSDm,SELL,0.57,0.49504950495049505,4472.7001953125,30.850807409439625,-14.225310483258909,4503.583105761264,4520.076015625,0.030356872294372294,1,True,False,,risk_limit_open_trades_reached: 3 >= 3,1,0.01,300,600,True,0.0,False,0,0,0,-1,-0.07
2026-06-03T09:10:38.415889+00:00,XAUUSDm,SELL,0.57,0.49504950495049505,4470.39990234375,30.017408675941695,-14.408809637461673,4503.364030240431,4520.030009765625,0.030356872294372294,1,True,False,,risk_limit_open_trades_reached: 3 >= 3,1,0.01,300,600,True,0.0,False,0,0,0,-1,-0.07
2026-06-03T09:10:56.521448+00:00,XAUUSDm,SELL,0.57,0.4752475247524752,4472.60009765625,30.78291627331417,-14.233295481478308,4503.573572651145,4520.074013671875,0.030356872294372294,1,True,False,,risk_limit_open_trades_reached: 3 >= 3,1,0.01,300,600,True,0.0,False,0,0,0,-1,-0.07
2026-06-03T09:11:14.504740+00:00,XAUUSDm,SELL,0.57,0.46534653465346537,4473.0,31.053355160699496,-14.201394439811338,4503.611658588645,4520.08201171875,0.030356872294372294,1,True,False,,risk_limit_open_trades_reached: 3 >= 3,1,0.01,300,600,True,0.0,False,0,0,0,-1,-0.07
2026-06-03T09:11:32.432030+00:00,XAUUSDm,SELL,0.57,0.48514851485148514,4474.39990234375,31.983633823439718,-14.08972131837345,4503.744982621383,4520.110009765625,0.030356872294372294,1,True,False,,risk_limit_open_trades_reached: 3 >= 3,1,0.01,300,600,True,0.0,False,0,0,0,-1,-0.07
2026-06-03T09:11:50.102088+00:00,XAUUSDm,SELL,0.57,0.5148514851485149,4474.0,31.720457549405253,-14.12162236004042,4503.706896683883,4520.10201171875,0.030356872294372294,1,True,False,,risk_limit_open_trades_reached: 3 >= 3,1,0.01,300,600,True,0.0,False,0,0,0,-1,-0.07
2026-06-03T09:12:08.376024+00:00,XAUUSDm,SELL,0.57,0.49504950495049505,4474.39990234375,31.983633823439718,-14.08972131837345,4503.744982621383,4520.110009765625,0.030356872294372294,1,True,False,,risk_limit_open_trades_reached: 3 >= 3,1,0.01,300,600,True,0.0,False,0,0,0,-1,-0.07
2026-06-03T09:12:26.197574+00:00,XAUUSDm,SELL,0.57,0.5643564356435643,4474.60009765625,32.11462206949568,-14.073751321934651,4503.764048841622,4520.114013671875,0.030356872294372294,1,True,False,,risk_limit_open_trades_reached: 3 >= 3,1,0.01,300,600,True,0.0,False,0,0,0,-1,-0.07
2026-06-03T09:12:44.332268+00:00,XAUUSDm,SELL,0.57,0.48514851485148514,4474.5,32.049191072664925,-14.08173632015405,4503.754515731503,4520.11201171875,0.030356872294372294,1,True,False,,risk_limit_open_trades_reached: 3 >= 3,1,0.01,300,600,True,0.0,False,0,0,0,-1,-0.07
2026-06-03T09:13:02.352665+00:00,XAUUSDm,SELL,0.57,0.44554455445544555,4475.7001953125,32.82550914686489,-13.985994243943423,4503.868820046979,4520.136015625,0.030356872294372294,1,True,False,,risk_limit_open_trades_reached: 3 >= 3,1,0.01,300,600,True,0.0,False,0,0,0,-1,-0.07
2026-06-03T09:13:21.811477+00:00,XAUUSDm,SELL,0.57,0.504950495049505,4476.39990234375,33.26996713583166,-13.930177158828883,4503.9354588118595,4520.150009765625,0.030356872294372294,1,True,False,,risk_limit_open_trades_reached: 3 >= 3,1,0.01,300,600,True,0.0,False,0,0,0,-1,-0.07
2026-06-03T09:13:39.613044+00:00,XAUUSDm,SELL,0.57,0.4752475247524752,4476.7998046875,33.521356093105254,-13.898276117162823,4503.9735447493595,4520.1580078125,0.030356872294372294,1,True,False,,risk_limit_open_trades_reached: 3 >= 3,1,0.01,300,600,True,0.0,False,0,0,0,-1,-0.07
2026-06-03T09:13:57.706560+00:00,XAUUSDm,SELL,0.57,0.48514851485148514,4478.7998046875,34.75070935714605,-13.738731957618256,4504.164020939836,4520.1980078125,0.030356872294372294,1,True,False,,risk_limit_open_trades_reached: 3 >= 3,1,0.01,300,600,True,0.0,False,0,0,0,-1,-0.07
2026-06-03T09:14:15.230852+00:00,XAUUSDm,SELL,0.57,0.504950495049505,4480.2001953125,35.584778871784664,-13.627019884968831,4504.29739147555,4520.226015625,0.030356872294372294,1,True,False,,risk_limit_open_trades_reached: 3 >= 3,1,0.01,300,600,True,0.0,False,0,0,0,-1,-0.07
2026-06-03T09:14:33.289190+00:00,XAUUSDm,SELL,0.57,0.49504950495049505,4480.2998046875,35.643294420010136,-13.619073837960059,4504.3068780826925,4520.2280078125,0.030356872294372294,1,True,False,,risk_limit_open_trades_reached: 3 >= 3,1,0.01,300,600,True,0.0,False,0,0,0,-1,-0.07
2026-06-03T09:14:50.878005+00:00,XAUUSDm,SELL,0.57,0.49504950495049505,4480.5,35.760578236196636,-13.60310384152126,4504.325944302931,4520.23201171875,0.030356872294372294,1,True,False,,risk_limit_open_trades_reached: 3 >= 3,1,0.01,300,600,True,0.0,False,0,0,0,-1,-0.07
2026-06-03T09:15:08.580142+00:00,XAUUSDm,SELL,0.57,0.504950495049505,4480.0,35.46685166382021,-13.64298988140763,4504.278325255312,4520.22201171875,0.036606872294372296,1,True,False,,risk_limit_open_trades_reached: 3 >= 3,1,0.01,300,600,True,0.0,False,0,0,0,-1,-0.07
2026-06-03T09:15:26.238617+00:00,XAUUSDm,SELL,0.57,0.504950495049505,4481.0,36.05164309460207,-13.563217801635801,4504.37356335055,4520.24201171875,0.036606872294372296,1,True,False,,risk_limit_open_trades_reached: 3 >= 3,1,0.01,300,600,True,0.0,False,0,0,0,-1,-0.07
2026-06-03T09:15:44.046128+00:00,XAUUSDm,SELL,0.57,0.46534653465346537,4480.89990234375,35.99358462803298,-13.5712027998552,4504.364030240431,4520.240009765625,0.036606872294372296,1,True,False,,risk_limit_open_trades_reached: 3 >= 3,1,0.01,300,600,True,0.0,False,0,0,0,-1,-0.07
2026-06-03T09:16:01.877146+00:00,XAUUSDm,SELL,0.57,0.42574257425742573,4481.2001953125,36.167444620464295,-13.547247805196093,4504.392629570788,4520.246015625,0.036606872294372296,1,True,False,,risk_limit_open_trades_reached: 3 >= 3,1,0.01,300,600,True,0.0,False,0,0,0,-1,-0.07
2026-06-03T09:16:19.589054+00:00,XAUUSDm,SELL,0.57,0.5148514851485149,4481.5,36.340082256031316,-13.523331761749432,4504.421182398169,4520.25201171875,0.036606872294372296,1,True,False,,risk_limit_open_trades_reached: 3 >= 3,1,0.01,300,600,True,0.0,False,0,0,0,-1,-0.07
2026-06-03T09:16:37.406900+00:00,XAUUSDm,SELL,0.57,0.49504950495049505,4482.10009765625,36.682848565566744,-13.475460723643664,4504.478334555907,4520.264013671875,0.036606872294372296,1,True,False,,risk_limit_open_trades_reached: 3 >= 3,1,0.01,300,600,True,0.0,False,0,0,0,-1,-0.07
2026-06-03T09:16:55.477206+00:00,XAUUSDm,SELL,0.57,0.5346534653465347,4482.7998046875,37.07787824083558,-13.419643638530033,4504.544973320788,4520.2780078125,0.036606872294372296,1,True,False,,risk_limit_open_trades_reached: 3 >= 3,1,0.01,300,600,True,0.0,False,0,0,0,-1,-0.07
2026-06-03T09:17:13.590626+00:00,XAUUSDm,SELL,0.57,0.504950495049505,4482.7998046875,37.07787824083558,-13.419643638530033,4504.544973320788,4520.2780078125,0.036606872294372296,1,True,False,,risk_limit_open_trades_reached: 3 >= 3,1,0.01,300,600,True,0.0,False,0,0,0,-1,-0.07
2026-06-03T09:17:31.722276+00:00,XAUUSDm,SELL,0.57,0.4752475247524752,4482.89990234375,37.13398716493088,-13.411658640310634,4504.554506430907,4520.280009765625,0.036606872294372296,1,True,False,,risk_limit_open_trades_reached: 3 >= 3,1,0.01,300,600,True,0.0,False,0,0,0,-1,-0.07
2026-06-03T09:17:49.735507+00:00,XAUUSDm,SELL,0.57,0.45544554455445546,4483.5,37.46827993129156,-13.363787602205775,4504.611658588645,4520.29201171875,0.036606872294372296,1,True,False,,risk_limit_open_trades_reached: 3 >= 3,1,0.01,300,600,True,0.0,False,0,0,0,-1,-0.07
2026-06-03T09:18:07.236487+00:00,XAUUSDm,SELL,0.57,0.49504950495049505,4486.60009765625,39.14012325394145,-13.116486364669981,4504.906905984479,4520.354013671875,0.036606872294372296,1,True,False,,risk_limit_open_trades_reached: 3 >= 3,1,0.01,300,600,True,0.0,False,0,0,0,-1,-0.07
2026-06-03T09:18:24.726741+00:00,XAUUSDm,SELL,0.57,0.48514851485148514,4486.7001953125,39.192616091930255,-13.108501366450582,4504.916439094598,4520.356015625,0.036606872294372296,1,True,False,,risk_limit_open_trades_reached: 3 >= 3,1,0.01,300,600,True,0.0,False,0,0,0,-1,-0.07
2026-06-03T09:18:42.909497+00:00,XAUUSDm,SELL,0.57,0.46534653465346537,4486.89990234375,39.29707561666127,-13.09257032122241,4504.9354588118595,4520.360009765625,0.036606872294372296,1,True,False,,risk_limit_open_trades_reached: 3 >= 3,1,0.01,300,600,True,0.0,False,0,0,0,-1,-0.07
2026-06-03T09:19:00.433913+00:00,XAUUSDm,SELL,0.57,0.4752475247524752,4486.10009765625,38.87655222446288,-13.15637240455544,4504.8592869368595,4520.344013671875,0.036606872294372296,1,True,False,,risk_limit_open_trades_reached: 3 >= 3,1,0.01,300,600,True,0.0,False,0,0,0,-1,-0.07
2026-06-03T09:19:18.245123+00:00,XAUUSDm,SELL,0.57,0.4752475247524752,4485.39990234375,38.503589381213054,-13.212228440880608,4504.792601669003,4520.330009765625,0.036606872294372296,1,True,False,,risk_limit_open_trades_reached: 3 >= 3,1,0.01,300,600,True,0.0,False,0,0,0,-1,-0.07
2026-06-03T09:19:38.253023+00:00,XAUUSDm,SELL,0.57,0.5148514851485149,4485.2998046875,38.44989965384937,-13.220213439100007,4504.783068558883,4520.3280078125,0.036606872294372296,1,True,False,,risk_limit_open_trades_reached: 3 >= 3,1,0.01,300,600,True,0.0,False,0,0,0,-1,-0.07
2026-06-03T09:19:56.188042+00:00,XAUUSDm,SELL,0.57,0.5247524752475248,4484.39990234375,37.96297262277272,-13.292000520652437,4504.697363573764,4520.310009765625,0.036606872294372296,1,True,False,,risk_limit_open_trades_reached: 3 >= 3,1,0.01,300,600,True,0.0,False,0,0,0,-1,-0.07
2026-06-03T09:20:14.262479+00:00,XAUUSDm,SELL,0.57,0.46534653465346537,4484.7998046875,38.18030306182778,-13.260099478985467,4504.735449511264,4520.3180078125,0.036606872294372296,1,True,False,,risk_limit_open_trades_reached: 3 >= 3,1,0.01,300,600,True,0.0,False,0,0,0,-1,-0.07
2026-06-03T09:20:32.432491+00:00,XAUUSDm,SELL,0.57,0.48514851485148514,4484.39990234375,37.96297262277272,-13.292000520652437,4504.697363573764,4520.310009765625,0.036606872294372296,1,True,False,,risk_limit_open_trades_reached: 3 >= 3,1,0.01,300,600,True,0.0,False,0,0,0,-1,-0.07
2026-06-03T09:20:51.111866+00:00,XAUUSDm,SELL,0.57,0.5247524752475248,4485.39990234375,38.503589381213054,-13.212228440880608,4504.792601669003,4520.330009765625,0.036606872294372296,1,True,False,,risk_limit_open_trades_reached: 3 >= 3,1,0.01,300,600,True,0.0,False,0,0,0,-1,-0.07
2026-06-03T09:21:08.843840+00:00,XAUUSDm,SELL,0.57,0.49504950495049505,4484.7001953125,38.1263120027639,-13.26804552599424,4504.725962904122,4520.316015625,0.036606872294372296,1,True,False,,risk_limit_open_trades_reached: 3 >= 3,1,0.01,300,600,True,0.0,False,0,0,0,-1,-0.07
2026-06-03T09:21:26.298270+00:00,XAUUSDm,SELL,0.57,0.45544554455445546,4484.39990234375,37.96297262277272,-13.292000520652437,4504.697363573764,4520.310009765625,0.036606872294372296,1,True,False,,risk_limit_open_trades_reached: 3 >= 3,1,0.01,300,600,True,0.0,False,0,0,0,-1,-0.07
2026-06-03T09:21:43.615216+00:00,XAUUSDm,SELL,0.57,0.4752475247524752,4483.7001953125,37.57901206642724,-13.347817605766068,4504.630724808883,4520.296015625,0.036606872294372296,1,True,False,,risk_limit_open_trades_reached: 3 >= 3,1,0.01,300,600,True,0.0,False,0,0,0,-1,-0.07
2026-06-03T09:22:01.446312+00:00,XAUUSDm,SELL,0.57,0.46534653465346537,4483.10009765625,37.245905346807895,-13.395688643871836,4504.573572651145,4520.284013671875,0.036606872294372296,1,True,False,,risk_limit_open_trades_reached: 3 >= 3,1,0.01,300,600,True,0.0,False,0,0,0,-1,-0.07
2026-06-03T09:22:19.445349+00:00,XAUUSDm,SELL,0.57,0.504950495049505,4482.89990234375,37.13398716493088,-13.411658640310634,4504.554506430907,4520.280009765625,0.036606872294372296,1,True,False,,risk_limit_open_trades_reached: 3 >= 3,1,0.01,300,600,True,0.0,False,0,0,0,-1,-0.07
2026-06-03T09:22:37.833566+00:00,XAUUSDm,SELL,0.57,0.48514851485148514,4482.0,36.62593109057812,-13.483445721863063,4504.468801445788,4520.26201171875,0.036606872294372296,1,True,False,,risk_limit_open_trades_reached: 3 >= 3,1,0.01,300,600,True,0.0,False,0,0,0,-1,-0.07
2026-06-03T09:22:55.619198+00:00,XAUUSDm,SELL,0.57,0.504950495049505,4481.2001953125,36.167444620464295,-13.547247805196093,4504.392629570788,4520.246015625,0.036606872294372296,1,True,False,,risk_limit_open_trades_reached: 3 >= 3,1,0.01,300,600,True,0.0,False,0,0,0,-1,-0.07
2026-06-03T09:23:13.788077+00:00,XAUUSDm,SELL,0.57,0.49504950495049505,4481.60009765625,36.39751410904556,-13.515346763530033,4504.430715508288,4520.254013671875,0.036606872294372296,1,True,False,,risk_limit_open_trades_reached: 3 >= 3,1,0.01,300,600,True,0.0,False,0,0,0,-1,-0.07
2026-06-03T09:23:31.672927+00:00,XAUUSDm,SELL,0.57,0.5247524752475248,4482.60009765625,36.96563431243921,-13.435574683758205,4504.525953603526,4520.274013671875,0.036606872294372296,1,True,False,,risk_limit_open_trades_reached: 3 >= 3,1,0.01,300,600,True,0.0,False,0,0,0,-1,-0.07
2026-06-03T09:23:49.436280+00:00,XAUUSDm,SELL,0.57,0.46534653465346537,4482.60009765625,36.96563431243921,-13.435574683758205,4504.525953603526,4520.274013671875,0.036606872294372296,1,True,False,,risk_limit_open_trades_reached: 3 >= 3,1,0.01,300,600,True,0.0,False,0,0,0,-1,-0.07
2026-06-03T09:24:07.214343+00:00,XAUUSDm,SELL,0.57,0.504950495049505,4482.2001953125,36.73966389492769,-13.467475725425174,4504.487867666026,4520.266015625,0.036606872294372296,1,True,False,,risk_limit_open_trades_reached: 3 >= 3,1,0.01,300,600,True,0.0,False,0,0,0,-1,-0.07
2026-06-03T09:24:26.307827+00:00,XAUUSDm,SELL,0.57,0.46534653465346537,4481.5,36.340082256031316,-13.523331761749432,4504.421182398169,4520.25201171875,0.036606872294372296,1,True,False,,risk_limit_open_trades_reached: 3 >= 3,1,0.01,300,600,True,0.0,False,0,0,0,-1,-0.07
2026-06-03T09:24:44.185852+00:00,XAUUSDm,SELL,0.57,0.504950495049505,4480.39990234375,35.701989811415146,-13.61108883974066,4504.316411192812,4520.230009765625,0.036606872294372296,1,True,False,,risk_limit_open_trades_reached: 3 >= 3,1,0.01,300,600,True,0.0,False,0,0,0,-1,-0.07
2026-06-03T09:25:02.079892+00:00,XAUUSDm,SELL,0.57,0.45544554455445546,4479.89990234375,35.407725991374335,-13.65097487962612,4504.2687921451925,4520.220009765625,0.036606872294372296,1,True,False,,risk_limit_open_trades_reached: 3 >= 3,1,0.01,300,600,True,0.0,False,0,0,0,-1,-0.07
2026-06-03T09:25:19.846947+00:00,XAUUSDm,SELL,0.57,0.5247524752475248,4479.7001953125,35.28943876369996,-13.6669059248552,4504.249772427931,4520.216015625,0.036606872294372296,1,True,False,,risk_limit_open_trades_reached: 3 >= 3,1,0.01,300,600,True,0.0,False,0,0,0,-1,-0.07
2026-06-03T09:25:37.793772+00:00,XAUUSDm,SELL,0.57,0.504950495049505,4477.60009765625,34.01879545700581,-13.834435082618256,4504.049763127336,4520.174013671875,0.036606872294372296,1,True,False,,risk_limit_open_trades_reached: 3 >= 3,1,0.01,300,600,True,0.0,False,0,0,0,-1,-0.07
2026-06-03T09:25:55.604420+00:00,XAUUSDm,SELL,0.57,0.49504950495049505,4476.89990234375,33.58398396261812,-13.890291118943423,4503.983077859479,4520.160009765625,0.036606872294372296,1,True,False,,risk_limit_open_trades_reached: 3 >= 3,1,0.01,300,600,True,0.0,False,0,0,0,-1,-0.07
2026-06-03T09:26:13.277214+00:00,XAUUSDm,SELL,0.57,0.5148514851485149,4476.89990234375,33.58398396261812,-13.890291118943423,4503.983077859479,4520.160009765625,0.036606872294372296,1,True,False,,risk_limit_open_trades_reached: 3 >= 3,1,0.01,300,600,True,0.0,False,0,0,0,-1,-0.07
2026-06-03T09:26:31.037218+00:00,XAUUSDm,SELL,0.57,0.4752475247524752,4476.60009765625,33.3960522949813,-13.914207162390994,4503.954525032098,4520.154013671875,0.036606872294372296,1,True,False,,risk_limit_open_trades_reached: 3 >= 3,1,0.01,300,600,True,0.0,False,0,0,0,-1,-0.07
2026-06-03T09:26:48.936976+00:00,XAUUSDm,SELL,0.57,0.5148514851485149,4476.60009765625,33.3960522949813,-13.914207162390994,4503.954525032098,4520.154013671875,0.036606872294372296,1,True,False,,risk_limit_open_trades_reached: 3 >= 3,1,0.01,300,600,True,0.0,False,0,0,0,-1,-0.07
2026-06-03T09:27:07.147784+00:00,XAUUSDm,SELL,0.57,0.4752475247524752,4476.2998046875,33.206745371731216,-13.938162157048282,4503.92592570174,4520.1480078125,0.036606872294372296,1,True,False,,risk_limit_open_trades_reached: 3 >= 3,1,0.01,300,600,True,0.0,False,0,0,0,-1,-0.07
2026-06-03T09:27:25.201760+00:00,XAUUSDm,SELL,0.57,0.45544554455445546,4475.7001953125,32.82550914686489,-13.985994243943423,4503.868820046979,4520.136015625,0.036606872294372296,1,True,False,,risk_limit_open_trades_reached: 3 >= 3,1,0.01,300,600,True,0.0,False,0,0,0,-1,-0.07
2026-06-03T09:27:42.865390+00:00,XAUUSDm,SELL,0.57,0.46534653465346537,4476.89990234375,33.58398396261812,-13.890291118943423,4503.983077859479,4520.160009765625,0.036606872294372296,1,True,False,,risk_limit_open_trades_reached: 3 >= 3,1,0.01,300,600,True,0.0,False,0,0,0,-1,-0.07
2026-06-03T09:28:00.785042+00:00,XAUUSDm,SELL,0.57,0.4752475247524752,4476.39990234375,33.26996713583166,-13.930177158828883,4503.9354588118595,4520.150009765625,0.036606872294372296,1,True,False,,risk_limit_open_trades_reached: 3 >= 3,1,0.01,300,600,True,0.0,False,0,0,0,-1,-0.07
2026-06-03T09:28:18.685813+00:00,XAUUSDm,SELL,0.57,0.504950495049505,4476.2001953125,33.143712973506624,-13.946108204057055,4503.916439094598,4520.146015625,0.036606872294372296,1,True,False,,risk_limit_open_trades_reached: 3 >= 3,1,0.01,300,600,True,0.0,False,0,0,0,-1,-0.07
2026-06-03T09:28:36.453554+00:00,XAUUSDm,SELL,0.57,0.46534653465346537,4476.0,33.01666970725309,-13.962078200495853,4503.8973728743595,4520.14201171875,0.036606872294372296,1,True,False,,risk_limit_open_trades_reached: 3 >= 3,1,0.01,300,600,True,0.0,False,0,0,0,-1,-0.07
2026-06-03T09:28:54.686368+00:00,XAUUSDm,SELL,0.57,0.46534653465346537,4476.7001953125,33.45891636652307,-13.906222164170686,4503.964058142216,4520.156015625,0.036606872294372296,1,True,False,,risk_limit_open_trades_reached: 3 >= 3,1,0.01,300,600,True,0.0,False,0,0,0,-1,-0.07
2026-06-03T09:29:12.690870+00:00,XAUUSDm,SELL,0.57,0.43564356435643564,4476.89990234375,33.58398396261812,-13.890291118943423,4503.983077859479,4520.160009765625,0.036606872294372296,1,True,False,,risk_limit_open_trades_reached: 3 >= 3,1,0.01,300,600,True,0.0,False,0,0,0,-1,-0.07
2026-06-03T09:29:30.200833+00:00,XAUUSDm,SELL,0.57,0.46534653465346537,4477.2001953125,33.77116156467595,-13.866336124285226,4504.011677189836,4520.166015625,0.036606872294372296,1,True,False,,risk_limit_open_trades_reached: 3 >= 3,1,0.01,300,600,True,0.0,False,0,0,0,-1,-0.07
2026-06-03T09:29:48.145574+00:00,XAUUSDm,SELL,0.57,0.4752475247524752,4477.5,33.956985307427644,-13.842420080837655,4504.040230017216,4520.17201171875,0.036606872294372296,1,True,False,,risk_limit_open_trades_reached: 3 >= 3,1,0.01,300,600,True,0.0,False,0,0,0,-1,-0.07
2026-06-03T09:30:05.736884+00:00,XAUUSDm,SELL,0.57,0.43564356435643564,4478.60009765625,34.630001265611696,-13.754663002846428,4504.145001222574,4520.194013671875,0.036606872294372296,1,True,False,,risk_limit_open_trades_reached: 3 >= 3,1,0.01,300,600,True,0.0,False,0,0,0,-1,-0.07
2026-06-03T09:30:24.907325+00:00,XAUUSDm,SELL,0.57,0.5148514851485149,4480.0,35.46685166382021,-13.64298988140763,4504.278325255312,4520.22201171875,0.02785687229437229,1,True,False,,risk_limit_open_trades_reached: 3 >= 3,1,0.01,300,600,True,0.0,False,0,0,0,-1,-0.07
2026-06-03T09:30:43.010562+00:00,XAUUSDm,SELL,0.57,0.48514851485148514,4479.2998046875,35.05097606641003,-13.698845917732797,4504.211639987455,4520.2080078125,0.02785687229437229,1,True,False,,risk_limit_open_trades_reached: 3 >= 3,1,0.01,300,600,True,0.0,False,0,0,0,-1,-0.07
2026-06-03T09:31:00.671701+00:00,XAUUSDm,SELL,0.57,0.4752475247524752,4479.7001953125,35.28943876369996,-13.6669059248552,4504.249772427931,4520.216015625,0.02785687229437229,1,True,False,,risk_limit_open_trades_reached: 3 >= 3,1,0.01,300,600,True,0.0,False,0,0,0,-1,-0.07
2026-06-03T09:31:18.589253+00:00,XAUUSDm,SELL,0.57,0.4752475247524752,4480.2001953125,35.584778871784664,-13.627019884968831,4504.29739147555,4520.226015625,0.02785687229437229,1,True,False,,risk_limit_open_trades_reached: 3 >= 3,1,0.01,300,600,True,0.0,False,0,0,0,-1,-0.07
2026-06-03T09:31:36.428667+00:00,XAUUSDm,SELL,0.57,0.46534653465346537,4479.0,34.871265985115116,-13.722761961179458,4504.183087160074,4520.20201171875,0.02785687229437229,1,True,False,,risk_limit_open_trades_reached: 3 >= 3,1,0.01,300,600,True,0.0,False,0,0,0,-1,-0.07
2026-06-03T09:31:54.224903+00:00,XAUUSDm,SELL,0.57,0.5643564356435643,4479.5,35.170426698719695,-13.682875921293089,4504.2307062076925,4520.21201171875,0.02785687229437229,1,True,False,,risk_limit_open_trades_reached: 3 >= 3,1,0.01,300,600,True,0.0,False,0,0,0,-1,-0.07
2026-06-03T09:32:12.144707+00:00,XAUUSDm,SELL,0.57,0.46534653465346537,4479.7998046875,35.34849187695451,-13.658959877846428,4504.259259035074,4520.2180078125,0.02785687229437229,1,True,False,,risk_limit_open_trades_reached: 3 >= 3,1,0.01,300,600,True,0.0,False,0,0,0,-1,-0.07
2026-06-03T09:32:30.256035+00:00,XAUUSDm,SELL,0.57,0.48514851485148514,4479.10009765625,34.931377395143855,-13.714776962960059,4504.1926202701925,4520.204013671875,0.02785687229437229,1,True,False,,risk_limit_open_trades_reached: 3 >= 3,1,0.01,300,600,True,0.0,False,0,0,0,-1,-0.07
2026-06-03T09:32:48.023589+00:00,XAUUSDm,SELL,0.57,0.48514851485148514,4479.2001953125,34.99137794627973,-13.70679196474066,4504.202153380312,4520.206015625,0.02785687229437229,1,True,False,,risk_limit_open_trades_reached: 3 >= 3,1,0.01,300,600,True,0.0,False,0,0,0,-1,-0.07
2026-06-03T09:33:06.220331+00:00,XAUUSDm,SELL,0.57,0.48514851485148514,4478.2001953125,34.38694240417274,-13.786564044513398,4504.106915285074,4520.186015625,0.02785687229437229,1,True,False,,risk_limit_open_trades_reached: 3 >= 3,1,0.01,300,600,True,0.0,False,0,0,0,-1,-0.07
2026-06-03T09:33:23.925154+00:00,XAUUSDm,SELL,0.57,0.49504950495049505,4478.10009765625,34.325820398302525,-13.794549042732797,4504.097382174955,4520.184013671875,0.02785687229437229,1,True,False,,risk_limit_open_trades_reached: 3 >= 3,1,0.01,300,600,True,0.0,False,0,0,0,-1,-0.07
2026-06-03T09:33:41.771997+00:00,XAUUSDm,SELL,0.57,0.4752475247524752,4478.0,34.26458440954018,-13.802534040951286,4504.087849064836,4520.18201171875,0.02785687229437229,1,True,False,,risk_limit_open_trades_reached: 3 >= 3,1,0.01,300,600,True,0.0,False,0,0,0,-1,-0.07
2026-06-03T09:33:59.616764+00:00,XAUUSDm,SELL,0.57,0.5148514851485149,4478.7001953125,34.69055865029385,-13.74667800462612,4504.1545343326925,4520.196015625,0.02785687229437229,1,True,False,,risk_limit_open_trades_reached: 3 >= 3,1,0.01,300,600,True,0.0,False,0,0,0,-1,-0.07
2026-06-03T09:34:17.717401+00:00,XAUUSDm,SELL,0.57,0.48514851485148514,4478.7001953125,34.69055865029385,-13.74667800462612,4504.1545343326925,4520.196015625,0.02785687229437229,1,True,False,,risk_limit_open_trades_reached: 3 >= 3,1,0.01,300,600,True,0.0,False,0,0,0,-1,-0.07
2026-06-03T09:34:35.124270+00:00,XAUUSDm,SELL,0.57,0.46534653465346537,4478.10009765625,34.325820398302525,-13.794549042732797,4504.097382174955,4520.184013671875,0.02785687229437229,1,True,False,,risk_limit_open_trades_reached: 3 >= 3,1,0.01,300,600,True,0.0,False,0,0,0,-1,-0.07
2026-06-03T09:34:52.940968+00:00,XAUUSDm,SELL,0.57,0.4752475247524752,4477.10009765625,33.70888636647334,-13.874321122503716,4504.002144079716,4520.164013671875,0.02785687229437229,1,True,False,,risk_limit_open_trades_reached: 3 >= 3,1,0.01,300,600,True,0.0,False,0,0,0,-1,-0.07
2026-06-03T09:35:10.390154+00:00,XAUUSDm,SELL,0.57,0.4752475247524752,4476.2001953125,33.143712973506624,-13.946108204057055,4503.916439094598,4520.146015625,0.02785687229437229,1,True,False,,risk_limit_open_trades_reached: 3 >= 3,1,0.01,300,600,True,0.0,False,0,0,0,-1,-0.07
2026-06-03T09:35:27.969135+00:00,XAUUSDm,SELL,0.57,0.46534653465346537,4477.10009765625,33.70888636647334,-13.874321122503716,4504.002144079716,4520.164013671875,0.04592505411255411,1,True,False,,risk_limit_open_trades_reached: 3 >= 3,1,0.01,300,600,True,0.0,False,0,0,0,-1,-0.07
2026-06-03T09:35:45.916192+00:00,XAUUSDm,SELL,0.57,0.49504950495049505,4476.89990234375,33.58398396261812,-13.890291118943423,4503.983077859479,4520.160009765625,0.04592505411255411,1,True,False,,risk_limit_open_trades_reached: 3 >= 3,1,0.01,300,600,True,0.0,False,0,0,0,-1,-0.07
2026-06-03T09:36:03.449007+00:00,XAUUSDm,SELL,0.57,0.5445544554455446,4477.0,33.646493942889165,-13.882306120724024,4503.992610969598,4520.16201171875,0.04592505411255411,1,True,False,,risk_limit_open_trades_reached: 3 >= 3,1,0.01,300,600,True,0.0,False,0,0,0,-1,-0.07
2026-06-03T09:36:21.403079+00:00,XAUUSDm,SELL,0.57,0.49504950495049505,4476.7998046875,33.521356093105254,-13.898276117162823,4503.9735447493595,4520.1580078125,0.04592505411255411,1,True,False,,risk_limit_open_trades_reached: 3 >= 3,1,0.01,300,600,True,0.0,False,0,0,0,-1,-0.07
2026-06-03T09:36:38.894892+00:00,XAUUSDm,SELL,0.57,0.44554455445544555,4476.7001953125,33.45891636652307,-13.906222164170686,4503.964058142216,4520.156015625,0.04592505411255411,1,True,False,,risk_limit_open_trades_reached: 3 >= 3,1,0.01,300,600,True,0.0,False,0,0,0,-1,-0.07
2026-06-03T09:36:56.270697+00:00,XAUUSDm,SELL,0.57,0.4752475247524752,4476.89990234375,33.58398396261812,-13.890291118943423,4503.983077859479,4520.160009765625,0.04592505411255411,1,True,False,,risk_limit_open_trades_reached: 3 >= 3,1,0.01,300,600,True,0.0,False,0,0,0,-1,-0.07
2026-06-03T09:37:14.012584+00:00,XAUUSDm,SELL,0.57,0.49504950495049505,4477.2998046875,33.83301693951344,-13.858390077276454,4504.021163796979,4520.1680078125,0.04592505411255411,1,True,False,,risk_limit_open_trades_reached: 3 >= 3,1,0.01,300,600,True,0.0,False,0,0,0,-1,-0.07
2026-06-03T09:37:31.652310+00:00,XAUUSDm,SELL,0.57,0.5148514851485149,4477.0,33.646493942889165,-13.882306120724024,4503.992610969598,4520.16201171875,0.04592505411255411,1,True,False,,risk_limit_open_trades_reached: 3 >= 3,1,0.01,300,600,True,0.0,False,0,0,0,-1,-0.07
2026-06-03T09:37:49.543649+00:00,XAUUSDm,SELL,0.57,0.49504950495049505,4476.60009765625,33.3960522949813,-13.914207162390994,4503.954525032098,4520.154013671875,0.04592505411255411,1,True,False,,risk_limit_open_trades_reached: 3 >= 3,1,0.01,300,600,True,0.0,False,0,0,0,-1,-0.07
2026-06-03T09:38:07.238073+00:00,XAUUSDm,SELL,0.57,0.49504950495049505,4475.10009765625,32.4395801501545,-14.033865282048282,4503.81166788924,4520.124013671875,0.04592505411255411,1,True,False,,risk_limit_open_trades_reached: 3 >= 3,1,0.01,300,600,True,0.0,False,0,0,0,-1,-0.07
2026-06-03T09:38:24.746374+00:00,XAUUSDm,SELL,0.57,0.4752475247524752,4475.0,32.374774371617676,-14.04185028026859,4503.802134779122,4520.12201171875,0.04592505411255411,1,True,False,,risk_limit_open_trades_reached: 3 >= 3,1,0.01,300,600,True,0.0,False,0,0,0,-1,-0.07
2026-06-03T09:38:42.731584+00:00,XAUUSDm,SELL,0.57,0.504950495049505,4474.60009765625,32.11462206949568,-14.073751321934651,4503.764048841622,4520.114013671875,0.04592505411255411,1,True,False,,risk_limit_open_trades_reached: 3 >= 3,1,0.01,300,600,True,0.0,False,0,0,0,-1,-0.07
2026-06-03T09:39:00.535015+00:00,XAUUSDm,SELL,0.57,0.46534653465346537,4475.2998046875,32.56850517963353,-14.01793423682102,4503.830687606503,4520.1280078125,0.04592505411255411,1,True,False,,risk_limit_open_trades_reached: 3 >= 3,1,0.01,300,600,True,0.0,False,0,0,0,-1,-0.07
2026-06-03T09:39:18.323384+00:00,XAUUSDm,SELL,0.57,0.5148514851485149,4473.60009765625,31.455236744292193,-14.15352340170648,4503.668810746383,4520.094013671875,0.04592505411255411,1,True,False,,risk_limit_open_trades_reached: 3 >= 3,1,0.01,300,600,True,0.0,False,0,0,0,-1,-0.07
2026-06-03T09:39:35.773258+00:00,XAUUSDm,SELL,0.57,0.46534653465346537,4473.5,31.388527858957005,-14.161508399925879,4503.659277636264,4520.09201171875,0.04592505411255411,1,True,False,,risk_limit_open_trades_reached: 3 >= 3,1,0.01,300,600,True,0.0,False,0,0,0,-1,-0.07
2026-06-03T09:39:53.346281+00:00,XAUUSDm,SELL,0.57,0.48514851485148514,4469.7998046875,29.844456278471142,-14.456680675566531,4503.3068780826925,4520.0180078125,0.04592505411255411,1,True,False,,risk_limit_open_trades_reached: 3 >= 3,1,0.01,300,600,True,0.0,False,0,0,0,-1,-0.07
2026-06-03T09:40:10.560155+00:00,XAUUSDm,SELL,0.57,0.46534653465346537,4469.39990234375,29.730303954689802,-14.488581717233501,4503.2687921451925,4520.010009765625,0.04592505411255411,1,True,False,,risk_limit_open_trades_reached: 3 >= 3,1,0.01,300,600,True,0.0,False,0,0,0,-1,-0.07
2026-06-03T09:40:28.229307+00:00,XAUUSDm,SELL,0.57,0.44554455445544555,4470.2998046875,29.98842066023846,-14.416794635681072,4503.354497130312,4520.0280078125,0.04592505411255411,1,True,False,,risk_limit_open_trades_reached: 3 >= 3,1,0.01,300,600,True,0.0,False,0,0,0,-1,-0.07
2026-06-05T08:17:53.863227+00:00,XAUUSDm,SELL,0.71,0.4752475247524752,4487.89990234375,49.36105778990298,-5.37298644166458,4487.043672566657,4488.734013671875,0.032191558441558445,0,True,True,10009,,1,0.01,46971,125256,True,0.0,True,0,0,0,-1,-0.21
2026-06-05T09:50:55.060184+00:00,XAUUSDm,HOLD,0.61,0.5247524752475248,4491.10009765625,50.954141251607346,-4.249341782706324,4487.593709171703,4488.878017578125,-0.07130092592592593,0,True,False,,,1,0.01,300,600,True,0.0,True,0,0,0,1,0.11
2026-06-05T09:51:54.280101+00:00,XAUUSDm,HOLD,0.61,0.48514851485148514,4492.39990234375,51.59997342649336,-4.145653659486925,4487.717500094322,4488.904013671875,-0.07130092592592593,0,True,False,,,1,0.01,300,600,True,0.0,True,0,0,0,1,0.11
2026-06-05T09:52:57.660833+00:00,XAUUSDm,HOLD,0.61,0.48514851485148514,4492.2998046875,51.55084313192584,-4.153638657706324,4487.707966984203,4488.90201171875,-0.07130092592592593,0,True,False,,,1,0.01,300,600,True,0.0,True,0,0,0,1,0.11
2026-06-05T10:11:59.762523+00:00,XAUUSDm,HOLD,0.61,0.504950495049505,4491.2001953125,50.962544360667074,-3.3820654922838003,4488.006101452969,4488.884013671875,-0.12505092592592593,0,True,False,,,1,0.01,300,600,True,0.0,True,0,0,0,1,0.11
2026-06-05T10:36:18.121584+00:00,XAUUSDm,HOLD,0.64,0.49504950495049505,4493.7998046875,52.34635096495511,-3.174689245845002,4488.253683298208,4488.936005859375,-0.0216,0,True,False,,,1,0.01,300,600,True,0.0,True,0,0,0,1,0.14
2026-06-05T10:41:49.464739+00:00,XAUUSDm,BUY,0.61,0.49504950495049505,4493.5,52.19239024602666,-3.1986052892925727,4488.225130470827,4488.930009765625,-0.1625,0,True,True,10009,,1,0.01,44604,118944,True,0.012283553972800702,True,0,0,0,1,0.11
2026-06-05T11:42:12.897752+00:00,XAUUSDm,BUY,0.60,0.504950495049505,4492.2001953125,51.402416097420385,-2.4802727487949596,4488.620958464535,4489.146015625,0.1456,0,True,False,,risk_limit_open_trades_reached: 1 >= 1,1,0.01,300,600,True,0.012283553972800702,False,0,0,0,1,0.1
2026-06-05T12:25:44.153120+00:00,XAUUSDm,BUY,0.57,0.5,4493.7998046875,52.05027269142122,-1.4784973864952917,4489.527770526869,4489.67201171875,0.0409,0,True,True,10009,,3,0.01,43704,116544,True,0.012179073667913817,True,0,0,0,1,0.07
2026-06-05T12:29:04.782221+00:00,XAUUSDm,BUY,0.57,0.5,4496.0,53.40958977318092,-1.3029832305128366,4489.737312937584,4489.716015625,0.0409,0,True,False,,,3,0.01,300,600,True,0.012179073667913817,False,0,0,0,1,0.07
2026-06-09T18:33:28.688678+00:00,XAUUSDm,HOLD,0.61,0.5728155339805825,4295.5,33.6763070467977,-16.691298180253398,4332.6779648646125,4345.347958984375,0.083,0,0.5048,False,False,,,1,0.01,300,600,True,0.0,True,0,0,0,-1,-0.11
2026-06-09T18:35:13.425730+00:00,XAUUSDm,HOLD,0.64,0.5728155339805825,4297.7998046875,34.715313799683344,-16.50783797726308,4332.896993882469,4345.393955078125,0.013,0,0.5079,False,False,,,1,0.01,300,600,True,0.0,True,0,0,0,-1,-0.14
2026-06-09T18:36:16.909726+00:00,XAUUSDm,HOLD,0.64,0.5631067961165048,4293.60009765625,32.79269041205593,-16.842857341578565,4332.497021784256,4345.3099609375,0.013,1,0.5174,False,False,,,1,0.01,300,600,True,0.0,True,0,0,0,-1,-0.14
2026-06-09T18:37:21.445763+00:00,XAUUSDm,HOLD,0.64,0.5631067961165048,4293.0,32.50868033133513,-16.890728379684333,4332.439869626517,4345.297958984375,0.013,1,0.5194,False,False,,,1,0.01,300,600,True,0.0,True,0,0,0,-1,-0.14
2026-06-09T18:38:25.081958+00:00,XAUUSDm,HOLD,0.64,0.5631067961165048,4293.60009765625,32.79269041205593,-16.842857341578565,4332.497021784256,4345.3099609375,0.013,1,0.5174,False,False,,,1,0.01,300,600,True,0.0,True,0,0,0,-1,-0.14
2026-06-09T18:39:32.681123+00:00,XAUUSDm,HOLD,0.64,0.5728155339805825,4296.0,33.905001009100175,-16.65141214036794,4332.725583912232,4345.357958984375,0.013,0,0.5077,False,False,,,1,0.01,300,600,True,0.0,True,0,0,0,-1,-0.14
2026-06-09T18:39:55.524689+00:00,XAUUSDm,HOLD,0.64,0.5631067961165048,4294.5,33.21413824176061,-16.771070260026136,4332.582726769375,4345.327958984375,0.013,1,0.5151,False,False,,,1,0.01,300,600,True,0.0,True,0,0,0,-1,-0.14
